AU01_r,AU02_r,AU04_r,AU05_r,AU06_r,AU07_r,AU09_r,AU10_r,AU12_r,AU14_r,AU15_r,AU17_r,AU20_r,AU23_r,AU24_r,AU25_r,AU26_r,frame
0.3904091566801071,0.9237183630466461,0.19871113821864128,0.10760286822915077,8.532934430149908e-06,2.894766926765442,2.6211657768726582e-05,2.6211657768726582e-05,2.2483897055280977e-06,0.013537602499127388,0.0013577935169450939,0.1183296088129282,0.0008784322562860325,0.04450091626495123,0.04450091626495123,0.022540187928825617,0.022540187928825617,10
1.859746128320694,2.1926723420619965,0.03316656220704317,0.2089422196149826,2.0881877844658447e-05,2.7176374197006226,3.162837174386368e-06,2.80893391391146e-05,1.618667852198996e-05,0.07786083500832319,0.0011097324750153348,0.36440588533878326,0.010800657328218222,0.08546430617570877,0.08546430617570877,0.16758708283305168,0.16758708283305168,11
0.48018261790275574,0.5666856467723846,0.1004604808986187,0.04970706067979336,5.772937470283068e-06,3.1048935651779175,3.2725702681091207e-06,2.019550947807147e-05,0.0005160200817044824,0.05505640059709549,0.0034863175824284554,0.3842400014400482,0.00732308195438236,0.32073047012090683,0.32073047012090683,0.24047080427408218,0.24047080427408218,12
0.0,0.0,0.0,0.0,0.0,0.0,0.0,0.0,0.0,0.0,0.0,0.0,0.0,0.0,0.0,0.0,0.0,14
0.2187999151647091,1.243399754166603,0.14448434114456177,0.11800630949437618,1.4304073658877314e-06,0.8963090926408768,6.142424240351829e-06,0.00027876296371687204,0.587904118001461,0.09270508773624897,8.050766155065503e-05,0.007825836073607206,0.03421887056902051,0.36094795912504196,0.36094795912504196,0.007423372007906437,0.007423372007906437,15
0.25422103703022003,1.0331402719020844,0.21364077925682068,0.09356243535876274,2.2187140302776243e-06,0.9969695657491684,6.944921437934681e-06,0.00029777607778669335,0.5281013622879982,0.050347140058875084,0.000298922950605629,0.017807973781600595,0.046345340088009834,0.49388278275728226,0.49388278275728226,0.0066354533191770315,0.0066354533191770315,16
0.10329823940992355,0.9721671044826508,0.32061126083135605,0.08975467644631863,2.5646386347943917e-06,0.8700186014175415,7.30294573259016e-06,0.0003471143281785771,0.4334241896867752,0.06233929190784693,0.0008489604078931734,0.03548812121152878,0.07853228598833084,0.5935355648398399,0.5935355648398399,0.005087522440589964,0.005087522440589964,17
0.09562578983604908,0.6917151808738708,0.2895678021013737,0.05497280973941088,2.489203438926779e-06,1.177874431014061,9.484766678724554e-06,0.0006761587428627536,0.7926230877637863,0.044811051338911057,0.0006214769382495433,0.027516966219991446,0.10096336714923382,0.6938396394252777,0.6938396394252777,0.003145403752569109,0.003145403752569109,18
0.07005000486969948,0.8323373645544052,0.3725205361843109,0.039017447270452976,1.8189984984928742e-06,1.1210616677999496,1.5319382100642542e-05,0.0012431555660441518,0.7363994419574738,0.024027556646615267,0.0013622190454043448,0.026090815663337708,0.16544004902243614,0.473979115486145,0.473979115486145,0.002327280817553401,0.002327280817553401,19
0.1340287271887064,1.1138864606618881,0.2758578211069107,0.08994371630251408,3.11244207296113e-06,0.8415314555168152,1.1404412134652375e-05,0.0011408158025005832,0.9289651364088058,0.028650884050875902,0.003093817795161158,0.061051156371831894,0.2453821711242199,0.6377488374710083,0.6377488374710083,0.002366987173445523,0.002366987173445523,20
0.12781094759702682,1.0652552545070648,0.26663918048143387,0.07184962276369333,3.055460240375396e-06,0.9128955006599426,1.1669194464047905e-05,0.00157800895976834,0.784967690706253,0.020621181465685368,0.004087616689503193,0.08515051566064358,0.19893793389201164,0.738062709569931,0.738062709569931,0.002434101334074512,0.002434101334074512,21
0.13391785323619843,1.1878035962581635,0.1961068995296955,0.08285795338451862,2.9942682999717363e-06,0.7460295408964157,1.3775522802461637e-05,0.0017474785272497684,0.5492638796567917,0.02745121018961072,0.0045834307093173265,0.133089916780591,0.1253784541040659,1.0764569789171219,1.0764569789171219,0.0025622526300139725,0.0025622526300139725,22
0.08983731269836426,1.1718379706144333,0.2206612005829811,0.07428501732647419,3.1117386356527277e-06,0.8972061425447464,1.2551303143482073e-05,0.0018011774227488786,0.6581719219684601,0.02441741991788149,0.004337669815868139,0.12674270197749138,0.16029734164476395,1.0361174494028091,1.0361174494028091,0.0029601537971757352,0.0029601537971757352,23
0.07869858294725418,1.0109899938106537,0.22935276851058006,0.08049166761338711,3.2084315648717165e-06,0.93109130859375,1.0488038242328912e-05,0.0017251374083571136,0.5199951305985451,0.026532206684350967,0.00557652092538774,0.1599210500717163,0.12927161529660225,1.1374197900295258,1.1374197900295258,0.0041206489549949765,0.0041206489549949765,24
0.06557891611009836,0.7703477144241333,0.22447021678090096,0.05757816135883331,3.342663887906383e-06,1.1681138724088669,1.0556284451013198e-05,0.0014476152136921883,0.4715842753648758,0.033803239930421114,0.007496036705560982,0.21642914041876793,0.15436521731317043,1.3065199553966522,1.3065199553966522,0.003932904510293156,0.003932904510293156,25
0.0399699667468667,0.6634220480918884,0.2388618141412735,0.015476492699235678,3.578731195830187e-06,1.7059895396232605,1.1630131666606758e-05,0.0014529498002957553,0.7296886295080185,0.037624649703502655,0.0058134610299021006,0.11590995825827122,0.31503908336162567,1.1208270490169525,1.1208270490169525,0.003246117557864636,0.003246117557864636,26
0.03886770689859986,0.5662915110588074,0.23557813838124275,0.011208939831703901,2.21279734091695e-06,1.655460149049759,1.0679058277673903e-05,0.0009252972813555971,0.7783146947622299,0.05699965637177229,0.0011137741967104375,0.1281361375004053,0.08347179740667343,1.1704767495393753,1.1704767495393753,0.004838250169996172,0.004838250169996172,27
0.06916377693414688,0.4367104545235634,0.22023316472768784,0.01277269097045064,1.995743161842256e-06,1.403745710849762,8.553612360628904e-06,0.0006631639553233981,0.5624338984489441,0.06043886300176382,0.0007544064283138141,0.10555564425885677,0.072935507632792,0.9936242550611496,0.9936242550611496,0.007724032620899379,0.007724032620899379,28
0.0665076868608594,0.46128466725349426,0.3028833493590355,0.016259958501905203,1.5239012896017812e-06,1.3863767683506012,1.5921858675937983e-05,0.001421915803803131,0.575517937541008,0.03560078563168645,0.0019158051873091608,0.15510674566030502,0.15887631103396416,0.8086203783750534,0.8086203783750534,0.00464062875835225,0.00464062875835225,29
0.1156968530267477,0.3964468091726303,0.3138252720236778,0.019121518125757575,1.7006362895699567e-06,1.4399012923240662,1.9951814920204924e-05,0.003170331474393606,0.5646910518407822,0.0607367092743516,0.0014649759395979345,0.1665128767490387,0.21157801151275635,0.8321496844291687,0.8321496844291687,0.004043866938445717,0.004043866938445717,30
0.13273234479129314,0.3574391081929207,0.2922157756984234,0.022695085499435663,1.7515375816401502e-06,1.470043808221817,2.059893404293689e-05,0.0034245525603182614,0.6939096748828888,0.08686085231602192,0.0013845754438079894,0.2304161712527275,0.18797928467392921,0.9247439354658127,0.9247439354658127,0.003731510369107127,0.003731510369107127,31
0.15388033352792263,0.43867819011211395,0.17164980992674828,0.024342273827642202,1.6715421224944293e-06,1.42962247133255,2.0960667370673036e-05,0.004067951231263578,0.4785558953881264,0.0762113556265831,0.0024663505610078573,0.28624197468161583,0.2006009966135025,0.8942151814699173,0.8942151814699173,0.003207968547940254,0.003207968547940254,32
0.14605465345084667,0.5054307356476784,0.1460498385131359,0.024513474199920893,1.2115225445086253e-06,1.4791782200336456,1.8682645759326988e-05,0.004930584109388292,0.5095294117927551,0.053542773239314556,0.002162271848646924,0.23088425397872925,0.19351864233613014,0.6569983065128326,0.6569983065128326,0.0030057659023441374,0.0030057659023441374,33
0.10316683910787106,0.4243071377277374,0.17747122794389725,0.024339037481695414,1.127661803934643e-06,1.5882928669452667,1.2663516599786817e-05,0.0031681641121394932,0.7664468139410019,0.05014830734580755,0.0015153957065194845,0.16313772648572922,0.14184363186359406,0.6890581548213959,0.6890581548213959,0.003902155440300703,0.003902155440300703,34
0.03497319063171744,0.34131892025470734,0.26335639879107475,0.006124732899479568,1.5754557125546853e-06,2.121262401342392,1.0945731219180743e-05,0.002178540889872238,0.7535452395677567,0.05008972715586424,0.003946256183553487,0.11150091886520386,0.39056751877069473,0.7262106239795685,0.7262106239795685,0.0061280501540750265,0.0061280501540750265,35
0.07955248467624187,0.509917177259922,0.19230695441365242,0.0017572971410118043,1.5115880103167e-06,3.0157655477523804,1.7720708456181455e-05,0.00268257426796481,0.559827946126461,0.07017266005277634,0.001862105418695137,0.06761444732546806,0.2147434651851654,0.5466722324490547,0.5466722324490547,0.008377318736165762,0.008377318736165762,36
0.07074659690260887,0.5251437798142433,0.18395375460386276,0.0018510020163375884,1.529177211523347e-06,3.101832866668701,1.6549496422157972e-05,0.002499600814189762,0.5493943020701408,0.054382188245654106,0.0037607515696436167,0.0802092719823122,0.2982347272336483,0.48641495406627655,0.48641495406627655,0.008419299847446382,0.008419299847446382,37
0.05407456308603287,0.41021816432476044,0.20640315487980843,0.0033391095348633826,1.1309304426276867e-06,2.7433067560195923,1.2209598025947344e-05,0.002870032622013241,1.200040802359581,0.05726627539843321,0.0015788560267537832,0.03041108138859272,0.21930012851953506,0.34053221344947815,0.34053221344947815,0.007656214875169098,0.007656214875169098,38
0.05842629820108414,0.42207077145576477,0.1803518459200859,0.006561035988852382,6.832965482317377e-07,2.342638671398163,7.907163421805308e-06,0.0024154481070581824,1.1978361010551453,0.10073916055262089,0.0007034958252916113,0.015545160276815295,0.07248052395880222,0.29380179941654205,0.29380179941654205,0.010024491930380464,0.010024491930380464,39
0.03845275612547994,0.29543256387114525,0.3027190826833248,0.002995792601723224,6.661122142759268e-07,3.108869791030884,5.9936667184956605e-06,0.0014392331650014967,0.9493017941713333,0.17375027760863304,0.0007807042129570618,0.02729838015511632,0.059262984432280064,0.2987213246524334,0.2987213246524334,0.012460397556424141,0.012460397556424141,40
0.014928801683709025,0.21930363029241562,0.6563112884759903,0.002457359223626554,7.456945638750767e-07,3.4365203976631165,4.2376737496852e-06,0.0013543711975216866,1.215573400259018,0.1493900641798973,0.0007228801405290142,0.030158408917486668,0.05926463287323713,0.23282788693904877,0.23282788693904877,0.014232904650270939,0.014232904650270939,41
0.013445299118757248,0.18884023651480675,0.6773700565099716,0.0028609720175154507,7.394252321546446e-07,3.3837053179740906,3.5620945482151e-06,0.0010207566811004654,1.3993686437606812,0.10988001711666584,0.0010130204464076087,0.03196490462869406,0.06872481666505337,0.22618472576141357,0.22618472576141357,0.014028962468728423,0.014028962468728423,42
0.017093141796067357,0.22977104410529137,0.4481101408600807,0.0038482065428979695,6.21787350496561e-07,3.214792013168335,3.464661233465449e-06,0.0007665962039027363,1.4553210139274597,0.08114539086818695,0.0006550908437930048,0.02150408225134015,0.053092087619006634,0.1890859566628933,0.1890859566628933,0.012813627254217863,0.012813627254217863,43
0.039334618486464024,0.3396635130047798,0.34427978098392487,0.005430799792520702,6.713904099342471e-07,2.8236418962478638,3.561112862371374e-06,0.0008041150431381539,1.6033846139907837,0.07202289067208767,0.0008705457730684429,0.02051976742222905,0.06936359219253063,0.16599705442786217,0.16599705442786217,0.0113573984708637,0.0113573984708637,44
0.03735374426469207,0.3595859929919243,0.3067718632519245,0.008116832468658686,7.74747022092015e-07,2.583264410495758,4.800333499588305e-06,0.0009056352428160608,1.6606171429157257,0.06555457133799791,0.0010261335410177708,0.01853040885180235,0.06636637263000011,0.14925635419785976,0.14925635419785976,0.008931504562497139,0.008931504562497139,45
0.04308698698878288,0.3849497064948082,0.28024496510624886,0.00821361260022968,7.559034287396571e-07,2.6704713702201843,4.34882110766921e-06,0.0011330920096952468,1.9064861536026,0.07237980607897043,0.0003930625825887546,0.008683629566803575,0.04016603343188763,0.1066419668495655,0.1066419668495655,0.012471377849578857,0.012471377849578857,46
0.04830438643693924,0.4667839780449867,0.22157076746225357,0.007609825115650892,1.045047213210637e-06,2.6744210720062256,4.976085961061472e-06,0.0012959468585904688,1.8224702775478363,0.060100825503468513,0.000985522783594206,0.012719263322651386,0.07678995840251446,0.14919317327439785,0.14919317327439785,0.010238992981612682,0.010238992981612682,47
0.04486686550080776,0.34545809030532837,0.26970867067575455,0.00834990234579891,9.982710480471724e-07,2.6039093732833862,3.6942307701792743e-06,0.0009376773232361302,2.3187588155269623,0.054746782407164574,0.0007529490540036932,0.011609402718022466,0.04918122664093971,0.1060890406370163,0.1060890406370163,0.010871472768485546,0.010871472768485546,48
0.05204876884818077,0.5617475882172585,0.1472102850675583,0.007681546849198639,1.2343083710675273e-06,2.715590000152588,4.937206199429056e-06,0.0011317477765260264,2.0219361782073975,0.052990117110311985,0.0013856359873898327,0.015083112521097064,0.08543066680431366,0.13918614014983177,0.13918614014983177,0.01014334848150611,0.01014334848150611,49
0.05440855398774147,0.592774897813797,0.11944442987442017,0.007841989863663912,1.2925796966101188e-06,2.77138888835907,4.909293807031645e-06,0.0013493523874785751,2.0857809484004974,0.05808364134281874,0.001025077435770072,0.01147746341302991,0.0795634277164936,0.12948742136359215,0.12948742136359215,0.014579673297703266,0.014579673297703266,50
0.034062666818499565,0.47790709882974625,0.18798092380166054,0.007514156750403345,1.4927184111002134e-06,2.849973142147064,5.1765897524092e-06,0.0009292920003645122,2.2166921198368073,0.04110044799745083,0.0017124717123806477,0.014719116734340787,0.07996423169970512,0.12156686745584011,0.12156686745584011,0.014055196661502123,0.014055196661502123,51
0.04925293382257223,0.5993076786398888,0.15189317055046558,0.0068225635914132,1.771381477055911e-06,2.731614410877228,5.414119641500292e-06,0.0009889830835163593,1.8924592435359955,0.051571992225944996,0.0017962705169338733,0.01636205706745386,0.09141000919044018,0.13615249656140804,0.13615249656140804,0.01246974803507328,0.01246974803507328,52
0.06111232563853264,0.6825782358646393,0.12060374952852726,0.006306515424512327,1.7669880492121592e-06,2.729963958263397,5.325151164470299e-06,0.0006618650513701141,1.8383339047431946,0.06480789743363857,0.0017790358106140047,0.016796111594885588,0.10009076446294785,0.16557255759835243,0.16557255759835243,0.012881207512691617,0.012881207512691617,53
0.06609873846173286,0.7372253388166428,0.1151470746845007,0.006643995875492692,1.7560014953232894e-06,2.796894907951355,5.127354256728722e-06,0.0007021052442723885,1.9641192257404327,0.06587570533156395,0.0013983057579025626,0.015610908158123493,0.0956821907311678,0.14449013397097588,0.14449013397097588,0.013587528374046087,0.013587528374046087,54
0.04508528392761946,0.7011670619249344,0.09516141377389431,0.006901244050823152,1.8407649804430548e-06,2.6926684379577637,4.803465571967536e-06,0.0008152197551680729,1.9917984306812286,0.05914101842790842,0.001870203559519723,0.01539899967610836,0.13479904271662235,0.15323874540627003,0.15323874540627003,0.014147363835945725,0.014147363835945725,55
0.035640085116028786,0.6343229115009308,0.1349574327468872,0.006152341957204044,1.78946606865793e-06,2.7289539575576782,5.244477847554663e-06,0.00090063113020733,2.028883546590805,0.05137328989803791,0.0025244971038773656,0.016616543289273977,0.16271788626909256,0.14237982220947742,0.14237982220947742,0.010970521252602339,0.010970521252602339,56
0.03627770347520709,0.6246704235672951,0.15826525166630745,0.0056337786372751,2.2875438787650637e-06,2.7448105812072754,6.333888791232312e-06,0.0007965379336383194,1.8115255236625671,0.04772292450070381,0.003015776164829731,0.02135740825906396,0.13686035759747028,0.19712971523404121,0.19712971523404121,0.011472615879029036,0.011472615879029036,57
0.027664813678711653,0.48744261264801025,0.21156352013349533,0.005949569749645889,2.2266331711762177e-06,2.885640263557434,7.440593776664173e-06,0.0009530703391646966,2.0397955179214478,0.041749230585992336,0.0011648337385850027,0.013037518365308642,0.09503846056759357,0.15044412575662136,0.15044412575662136,0.013197679072618484,0.013197679072618484,58
0.025754906237125397,0.49092717468738556,0.2154858037829399,0.007651864434592426,1.7941206920113473e-06,2.882884442806244,8.056491651586839e-06,0.0005573537055170164,1.839510202407837,0.04269316326826811,0.0007825421926099807,0.010871352860704064,0.05424111150205135,0.1045764796435833,0.1045764796435833,0.009204031084664166,0.009204031084664166,59
0.033962507732212543,0.47681551426649094,0.19329823553562164,0.007842773338779807,1.977389132434837e-06,2.836940288543701,8.62049432726053e-06,0.0005549703928409144,1.8776804208755493,0.03724724054336548,0.0015088017971720546,0.011818435741588473,0.084508853033185,0.10972126387059689,0.10972126387059689,0.008749176631681621,0.008749176631681621,60
0.0342082092538476,0.4616699367761612,0.2132382057607174,0.008786716498434544,1.531543034616334e-06,2.733137011528015,8.907761070986453e-06,0.0005696735388482921,1.6514383256435394,0.052739582024514675,0.0015485002950299531,0.009909863583743572,0.09850240312516689,0.13440746814012527,0.13440746814012527,0.007518588099628687,0.007518588099628687,61
0.032630469650030136,0.6678922474384308,0.17755568027496338,0.012016945984214544,1.2568129648116155e-06,2.6788097620010376,7.829462447261903e-06,0.00043623771489365026,1.5890870988368988,0.06602444685995579,0.0008284069190267473,0.009203071240335703,0.08357133716344833,0.11931285262107849,0.11931285262107849,0.006096268771216273,0.006096268771216273,62
0.04513130523264408,0.8384149521589279,0.12812387198209763,0.01171092502772808,1.205743274113047e-06,2.661679983139038,7.163285431488475e-06,0.0004779515802511014,1.6175219416618347,0.07193158846348524,0.0007073385495459661,0.010510621359571815,0.08056258782744408,0.1367848925292492,0.1367848925292492,0.005971684004180133,0.005971684004180133,63
0.028590878937393427,0.5170603469014168,0.20956050604581833,0.011463700793683529,1.1865881077710583e-06,2.637237310409546,6.2578351389674935e-06,0.00037295678339432925,1.3568904995918274,0.08166078478097916,0.0009738001244841143,0.0137847731821239,0.08846617303788662,0.21642541512846947,0.21642541512846947,0.006267140852287412,0.006267140852287412,64
0.027741373050957918,0.4262144863605499,0.2158007025718689,0.011520588304847479,1.4426370853470871e-06,2.6719117164611816,5.657673227688065e-06,0.00047542107495246455,1.7310035228729248,0.08425327949225903,0.0014263596676755697,0.01891592750325799,0.0948149710893631,0.2322448045015335,0.2322448045015335,0.006148358806967735,0.006148358806967735,65
0.020525101572275162,0.42406830936670303,0.2511611767113209,0.007512111333198845,1.7212836667113152e-06,2.7860766649246216,6.502974088107294e-06,0.0006397590186679736,1.7282871901988983,0.06353291217237711,0.0026049153530038893,0.023121137637645006,0.13845386914908886,0.21526049822568893,0.21526049822568893,0.0061031506629660726,0.0061031506629660726,66
0.026304039638489485,0.4731796309351921,0.19131552428007126,0.008162424783222377,2.1943839101368212e-06,2.7621668577194214,6.789148301322712e-06,0.0007196710794232786,1.9658905267715454,0.04387324210256338,0.0031686938018538058,0.02027715090662241,0.16801530495285988,0.18660813570022583,0.18660813570022583,0.006756482762284577,0.006756482762284577,67
0.029857661575078964,0.4737398773431778,0.1921319216489792,0.007988675497472286,2.142165556051623e-06,2.7733123302459717,7.777636596983939e-06,0.0007360897870967165,2.0051832497119904,0.04245713818818331,0.0032259858562611043,0.019328594207763672,0.16044598072767258,0.18769046291708946,0.18769046291708946,0.005747459945268929,0.005747459945268929,68
0.03234748728573322,0.5406416952610016,0.17224866896867752,0.007980989757925272,2.336620354981278e-06,2.8895941376686096,7.289523296094558e-06,0.0008163064194377512,2.147998809814453,0.04189188126474619,0.0030621059704571962,0.017002667300403118,0.15867946669459343,0.19081702455878258,0.19081702455878258,0.006995599251240492,0.006995599251240492,69
0.03295304020866752,0.5634849146008492,0.1790366694331169,0.009377833921462297,2.4707134116397356e-06,2.9816657304763794,8.355675049642741e-06,0.0009239088831236586,2.1241794526576996,0.03374453401193023,0.0035031267907470465,0.019204862182959914,0.1674378477036953,0.1700109988451004,0.1700109988451004,0.005447865696623921,0.005447865696623921,70
0.02860291860997677,0.6039260700345039,0.26914509013295174,0.006379341357387602,2.4500371864633053e-06,3.0501437187194824,8.03896341494692e-06,0.0009273605974158272,2.167292833328247,0.032481313683092594,0.0044190927292220294,0.023195913527160883,0.1598447933793068,0.14210110530257225,0.14210110530257225,0.005183762987144291,0.005183762987144291,71
0.028918050229549408,0.6579852104187012,0.2740843594074249,0.004829669778700918,2.3739464438676805e-06,3.167734146118164,8.008164513739757e-06,0.0008214151603169739,2.1800725162029266,0.038107025902718306,0.004267000476829708,0.02262077759951353,0.18561167642474174,0.14358527027070522,0.14358527027070522,0.005557620315812528,0.005557620315812528,72
0.04898236133158207,0.7132793962955475,0.18504738807678223,0.004532145976554602,2.8177544209029293e-06,3.0957311391830444,1.0465238347023842e-05,0.001283810124732554,2.055179923772812,0.04288239870220423,0.004613518249243498,0.022562697995454073,0.22621871903538704,0.13191197998821735,0.13191197998821735,0.0054575043031945825,0.0054575043031945825,73
0.04764821380376816,0.7799414545297623,0.1408975850790739,0.004744686302728951,3.0857864885547315e-06,3.12685489654541,1.0782067647596705e-05,0.0013651807967107743,2.0703978836536407,0.04789140075445175,0.004987512365914881,0.021865563467144966,0.257889237254858,0.12583929114043713,0.12583929114043713,0.006489400984719396,0.006489400984719396,74
0.049487724900245667,0.8660067617893219,0.12525680474936962,0.005066226003691554,3.584637227049825e-06,3.119490146636963,1.2385335139697418e-05,0.0013106653932482004,2.200934886932373,0.03719430649653077,0.006695716874673963,0.029956381767988205,0.2370900847017765,0.13508700765669346,0.13508700765669346,0.005593271926045418,0.005593271926045418,75
0.06710501853376627,0.8775917440652847,0.12112284079194069,0.006541835609823465,3.796761234298174e-06,3.0084228515625,1.4887019688103464e-05,0.0015236269973684102,2.124384343624115,0.036164538469165564,0.007835099822841585,0.027546000201255083,0.23223793134093285,0.11975122615695,0.11975122615695,0.0048850575694814324,0.0048850575694814324,76
0.06399276666343212,0.862041786313057,0.12428616173565388,0.007616864750161767,4.044240995426662e-06,2.887040674686432,1.216750774801767e-05,0.0010092806769534945,2.281384617090225,0.030613818671554327,0.007163481204770505,0.028380299918353558,0.19442912191152573,0.11642678640782833,0.11642678640782833,0.00585957255680114,0.00585957255680114,77
0.041585066355764866,0.832241103053093,0.16463711857795715,0.0036880234256386757,4.260243713360978e-06,3.2006368041038513,1.3152058500054409e-05,0.0014778469630982727,2.2389283776283264,0.032377459574490786,0.011487230658531189,0.031221455428749323,0.2454783394932747,0.12361591681838036,0.12361591681838036,0.006735656643286347,0.006735656643286347,78
0.03631239291280508,0.6933265179395676,0.23304272443056107,0.002165682672057301,4.756939233629964e-06,3.4231531620025635,1.6483639910802594e-05,0.0015097759023774415,2.223622053861618,0.03676889697089791,0.017655404517427087,0.046192724257707596,0.27877602726221085,0.1714666560292244,0.1714666560292244,0.0063473155023530126,0.0063473155023530126,79
0.024956846609711647,0.7248061150312424,0.29194001108407974,0.002006750728469342,4.7078231091290945e-06,3.4474986791610718,1.6860735740920063e-05,0.0014939640823286027,2.373409867286682,0.03702933667227626,0.015265385154634714,0.05610605236142874,0.2160254307091236,0.19276736304163933,0.19276736304163933,0.0061724986881017685,0.0061724986881017685,80
0.01893690088763833,0.7288321107625961,0.3478594124317169,0.002412752219242975,4.956879706696782e-06,3.385823667049408,1.804280486794596e-05,0.001388659147778526,2.5285398960113525,0.030644461512565613,0.018051149090752006,0.04848540294915438,0.21153956651687622,0.15393692068755627,0.15393692068755627,0.005708656972274184,0.005708656972274184,81
0.01970163779333234,0.6645417213439941,0.39180856198072433,0.0022805303160566837,4.358220735412033e-06,3.313782215118408,1.593916294950759e-05,0.001057307599694468,2.3462198674678802,0.04135542083531618,0.009450017823837698,0.03799481084570289,0.1427500881254673,0.1417934987694025,0.1417934987694025,0.0059736554976552725,0.0059736554976552725,82
0.014770451234653592,0.664031133055687,0.3667311370372772,0.0023499732196796685,3.7363122373790247e-06,3.383989632129669,1.5019685406514327e-05,0.0009510595555184409,2.105354964733124,0.051044574938714504,0.004288277123123407,0.03566896077245474,0.1059069111943245,0.1469010952860117,0.1469010952860117,0.006516749272122979,0.006516749272122979,83
0.026376566383987665,0.7562913000583649,0.2550937980413437,0.0034103813231922686,3.757989475161594e-06,3.2468006014823914,1.716505494187004e-05,0.0007323853787966073,1.744053065776825,0.06499371025711298,0.003789193870034069,0.029126021545380354,0.12213407084345818,0.16802221536636353,0.16802221536636353,0.0056754512479528785,0.0056754512479528785,84
0.02704437356442213,0.8827760815620422,0.1951986365020275,0.003412750083953142,4.670950488616654e-06,3.3192813396453857,1.5951053455864894e-05,0.0008174950198736042,1.8068745732307434,0.06356868892908096,0.006188136758282781,0.03548239357769489,0.18339386209845543,0.1622072421014309,0.1622072421014309,0.006351022748276591,0.006351022748276591,85
0.033392414916306734,0.8773550391197205,0.18852543085813522,0.0033499006531201303,4.773576733896334e-06,3.409963846206665,1.5859844779697596e-05,0.0007202772394521162,1.8448376655578613,0.05114914383739233,0.005064373253844678,0.03228101646527648,0.16228703781962395,0.16581201925873756,0.16581201925873756,0.006574716535396874,0.006574716535396874,86
0.035290021914988756,0.8646593987941742,0.1627139188349247,0.003604941302910447,4.34525986747758e-06,3.377487063407898,1.5157478401306435e-05,0.000879210710991174,1.764591783285141,0.059974417090415955,0.005618231953121722,0.036407867446541786,0.14419329352676868,0.1478609163314104,0.1478609163314104,0.0054590951185673475,0.0054590951185673475,87
0.03654027357697487,0.8075952529907227,0.14480181969702244,0.00846056907903403,4.35245965491049e-06,3.2627224922180176,1.2206256769786705e-05,0.00043929594539804384,0.9084748476743698,0.06191515829414129,0.008322037756443024,0.029619145207107067,0.24649063125252724,0.27960700914263725,0.27960700914263725,0.005678783054463565,0.005678783054463565,88
0.11364714242517948,1.4914946258068085,0.10140125639736652,0.0042613508412614465,4.544218370483577e-06,3.2078278064727783,1.512591211394465e-05,0.0011064444697694853,0.4590780660510063,0.04075812175869942,0.022322284057736397,0.03889881772920489,0.2312099188566208,0.2097531408071518,0.2097531408071518,0.007009414257481694,0.007009414257481694,89
0.13885030522942543,1.9628700613975525,0.10787650942802429,0.017261019675061107,4.549994514491118e-06,2.7956366539001465,1.3385314332481357e-05,0.0004749249274027534,0.23999422788619995,0.04616567399352789,0.010612350888550282,0.01724654925055802,0.23044170811772346,0.29940275475382805,0.29940275475382805,0.009563501225784421,0.009563501225784421,90
0.25294044986367226,1.0941733419895172,0.13546966016292572,0.04133830312639475,4.093911627478519e-06,2.3469971120357513,9.49787363424548e-06,0.00022017260562279262,0.15548192895948887,0.0530396681278944,0.005774242454208434,0.02481246367096901,0.12109133414924145,0.41885528713464737,0.41885528713464737,0.009204486850649118,0.009204486850649118,91
0.4121435061097145,1.2449882924556732,0.06793083623051643,0.06889243610203266,3.982163434557151e-06,1.7472094297409058,1.2643617992580403e-05,0.000289636809611693,0.23844579234719276,0.05283689126372337,0.003979743632953614,0.02094077877700329,0.15208540484309196,0.3588169440627098,0.3588169440627098,0.009438969427719712,0.009438969427719712,92
0.3918324038386345,1.54099240899086,0.07002115715295076,0.10259324684739113,3.168283342347422e-06,1.2457703053951263,1.5499489336434635e-05,0.0004864432048634626,0.2767157554626465,0.05099610425531864,0.0033577665453776717,0.02260149223729968,0.13856064528226852,0.30778687447309494,0.30778687447309494,0.006579533219337463,0.006579533219337463,93
0.40300942957401276,0.9216423332691193,0.10210766457021236,0.10583540424704552,2.744999676451698e-06,1.1991790682077408,1.6567767033848213e-05,0.0006794361979700625,0.21282341331243515,0.03186203772202134,0.004355468554422259,0.03974256105720997,0.0973118282854557,0.355275422334671,0.355275422334671,0.004165017744526267,0.004165017744526267,94
0.3623312711715698,0.8732245117425919,0.11259840801358223,0.14623964205384254,2.4971615175672923e-06,0.999084860086441,1.7747278207025374e-05,0.0008943106513470411,0.253691878169775,0.01895365072414279,0.00697161303833127,0.03693848382681608,0.20716484636068344,0.3193216770887375,0.3193216770887375,0.003138966567348689,0.003138966567348689,95
0.4045453667640686,0.950397178530693,0.09854349307715893,0.1562773808836937,1.905875848251526e-06,0.7758451998233795,2.3812362996977754e-05,0.0009832710929913446,0.14737180434167385,0.021255253814160824,0.004726800252683461,0.029150613117963076,0.1110931858420372,0.3387472778558731,0.3387472778558731,0.002946819004137069,0.002946819004137069,96
0.3169061243534088,0.8661051839590073,0.12041518464684486,0.1357659511268139,1.6964666826879693e-06,0.8311872184276581,2.5321933208033442e-05,0.0015244843962136656,0.16625987365841866,0.023054040502756834,0.0037360185524448752,0.03365400247275829,0.12721880339086056,0.2878887765109539,0.2878887765109539,0.002155688125640154,0.002155688125640154,97
0.30514467507600784,0.8506419509649277,0.12219966389238834,0.12650864198803902,1.8161921389037161e-06,0.7877036929130554,2.1858963918930385e-05,0.0009472909732721746,0.30617043375968933,0.02801085589453578,0.0011994860687991604,0.025082381907850504,0.1088320929557085,0.3887674957513809,0.3887674957513809,0.002465815923642367,0.002465815923642367,98
0.35516686737537384,0.9437217563390732,0.10820874013006687,0.17667749896645546,2.012495485814725e-06,0.5786705762147903,2.3000809505901998e-05,0.0015729005099274218,0.6064573302865028,0.02359725534915924,0.001244324812432751,0.02788729965686798,0.13268660753965378,0.3081750310957432,0.3081750310957432,0.0019205686112400144,0.0019205686112400144,99
0.2676084265112877,0.7585717737674713,0.15694553032517433,0.12196894735097885,1.9041154075694067e-06,0.7373817265033722,2.1495623059308855e-05,0.0014977730461396277,0.3583887964487076,0.022232553455978632,0.0015736294153612107,0.036025994922965765,0.1298873871564865,0.3592710569500923,0.3592710569500923,0.0021187702077440917,0.0021187702077440917,100
0.2421967126429081,0.7677582651376724,0.1584581471979618,0.11061590164899826,1.9993304078980145e-06,0.7926207035779953,2.2245369564188877e-05,0.0012658446212299168,0.24519339203834534,0.02262815833091736,0.0023637661070097238,0.04194274079054594,0.1343092229217291,0.4314921051263809,0.4314921051263809,0.0024442371795885265,0.0024442371795885265,101
0.27089232578873634,0.7515515387058258,0.1523122750222683,0.08729569613933563,2.0967611646938167e-06,1.0310228914022446,2.2351418920152355e-05,0.0013218821550253779,0.27027010917663574,0.020000336226075888,0.0030960445292294025,0.04354409407824278,0.16310462728142738,0.4033186286687851,0.4033186286687851,0.002327342954231426,0.002327342954231426,102
0.2573418617248535,0.7537484169006348,0.15888703987002373,0.09299180470407009,2.156801741648451e-06,0.962580069899559,2.605370127639617e-05,0.0013525337271858007,0.1760772243142128,0.0194621947593987,0.004391527909319848,0.04423848818987608,0.15709338709712029,0.39912164211273193,0.39912164211273193,0.002361716906307265,0.002361716906307265,103
0.19487781450152397,0.6734593957662582,0.1920539140701294,0.08695992641150951,2.015224538354232e-06,0.9576599299907684,2.4674357064213837e-05,0.0012611392594408244,0.09767559356987476,0.020114919170737267,0.005249600508250296,0.048106834292411804,0.13083472847938538,0.33127810806035995,0.33127810806035995,0.002713803551159799,0.002713803551159799,104
0.24362381547689438,0.7644841074943542,0.14487543143332005,0.09432142600417137,2.0407244960551907e-06,0.8740526437759399,2.4584865059296135e-05,0.0011098816321464255,0.13290188275277615,0.02387923886999488,0.0028466861112974584,0.03767776535823941,0.12019497342407703,0.3758254647254944,0.3758254647254944,0.002813490282278508,0.002813490282278508,105
0.23649729788303375,0.7300806790590286,0.13622406870126724,0.09688706137239933,1.8914897736976855e-06,0.790627971291542,2.3855573090258986e-05,0.0012226308172103018,0.09710235521197319,0.024189301766455173,0.0025969004491344094,0.040533822029829025,0.09137244895100594,0.3011128306388855,0.3011128306388855,0.002810725709423423,0.002810725709423423,106
0.2271232008934021,0.8212485164403915,0.11319495737552643,0.0908825732767582,1.9447284671514353e-06,0.901162326335907,2.434069983792142e-05,0.0011203328904230148,0.0927063450217247,0.023406401742249727,0.0024735028273425996,0.03785017179325223,0.091661736369133,0.30925143510103226,0.30925143510103226,0.0028107993421144783,0.0028107993421144783,107
0.2422896772623062,0.795958936214447,0.11276562698185444,0.0889955461025238,2.0340114303962764e-06,0.8841141313314438,2.5729304979904555e-05,0.0010672974167391658,0.09742548689246178,0.025968169793486595,0.0023402212536893785,0.03877385286614299,0.1000472903251648,0.330851711332798,0.330851711332798,0.002634988632053137,0.002634988632053137,108
0.2818787470459938,0.80819271504879,0.11337358504533768,0.08964370936155319,1.9752367563796724e-06,0.8598943054676056,2.6018369680969045e-05,0.0012850224447902292,0.1224043034017086,0.024466989561915398,0.0026017267373390496,0.03857530653476715,0.11793607845902443,0.3128284215927124,0.3128284215927124,0.00237258049310185,0.00237258049310185,109
0.30307456851005554,0.8948702365159988,0.12113112024962902,0.09319411590695381,2.0530497124582325e-06,0.8678185939788818,2.8320714591245633e-05,0.001284402678720653,0.11455182917416096,0.024062860757112503,0.003484246553853154,0.04540853202342987,0.14861570671200752,0.31732846051454544,0.31732846051454544,0.0019761691510211676,0.0019761691510211676,110
0.3234831988811493,0.9657152742147446,0.11471327394247055,0.07304535713046789,1.820258432871924e-06,1.0676078498363495,2.5145036488538608e-05,0.0011782792716985568,0.11883377097547054,0.02014198573306203,0.004108741122763604,0.04524372052401304,0.13484804891049862,0.32214388251304626,0.32214388251304626,0.0021146216022316366,0.0021146216022316366,111
0.32395683228969574,0.9821205586194992,0.12017007917165756,0.06679946091026068,1.701007761312212e-06,1.1487886309623718,2.5316717255918775e-05,0.001255817769560963,0.10937144048511982,0.019250712357461452,0.005508147296495736,0.046646916307508945,0.14136346988379955,0.3069547563791275,0.3069547563791275,0.001963980757864192,0.001963980757864192,112
0.31265396624803543,0.9204776585102081,0.12399925850331783,0.061506880447268486,1.4931084990621457e-06,1.218789666891098,2.301948370586615e-05,0.0010541066149016842,0.07559497840702534,0.02578840358182788,0.003085093339905143,0.04106926266103983,0.09805012494325638,0.2737586200237274,0.2737586200237274,0.0022830655507277697,0.0022830655507277697,113
0.3163723647594452,0.887526273727417,0.12271345593035221,0.0668983394280076,1.5390820351512957e-06,1.151842474937439,2.244722281830036e-05,0.0010156695498153567,0.07601164281368256,0.026138729881495237,0.00272444129223004,0.041392501443624496,0.0997521635144949,0.2807311527431011,0.2807311527431011,0.002328272530576214,0.002328272530576214,114
0.2600589394569397,0.8316096663475037,0.14188182540237904,0.06634410936385393,1.5343249515353818e-06,1.1760526895523071,2.1397165710368427e-05,0.0010415205179015175,0.07794959004968405,0.024279688950628042,0.0031307697645388544,0.04743526689708233,0.11187436059117317,0.29445961117744446,0.29445961117744446,0.002324914967175573,0.002324914967175573,115
0.2523592486977577,0.9039317071437836,0.14549213461577892,0.07103444542735815,1.4161162198433885e-06,1.083405539393425,1.9019611272597103e-05,0.0011504903523018584,0.12345153838396072,0.024445571471005678,0.0036375285708345473,0.06122471299022436,0.11519878171384335,0.30572712421417236,0.30572712421417236,0.0020654487889260054,0.0020654487889260054,116
0.17035145312547684,1.0857463628053665,0.11820913292467594,0.007966169505380094,1.4993399588547618e-06,1.810903400182724,2.0827442313020583e-05,0.001066176628228277,0.09323257021605968,0.025035524740815163,0.00387049512937665,0.04927696194499731,0.11055277660489082,0.36057181656360626,0.36057181656360626,0.0026775914011523128,0.0026775914011523128,117
0.20605044439435005,1.359369158744812,0.08645577356219292,0.0019632263865787536,1.8507402899103909e-06,2.2476033866405487,3.7041738778498257e-05,0.0011583072773646563,0.05267855245620012,0.028937114402651787,0.008216447895392776,0.06780876778066158,0.06862521637231112,0.4740821197628975,0.4740821197628975,0.0026229731156490743,0.0026229731156490743,118
0.16604453325271606,1.4282433688640594,0.06315607111901045,0.0018400305998511612,2.096823124020375e-06,2.373044490814209,3.116031393801677e-05,0.001744467590469867,0.19979838281869888,0.05552283953875303,0.005631176172755659,0.09498914703726768,0.05942342337220907,0.5180471017956734,0.5180471017956734,0.0033801631070673466,0.0033801631070673466,119
0.12484847567975521,1.0162410885095596,0.08089958690106869,0.0028263553394936025,1.4125876646176039e-06,2.3961085081100464,2.2708034066454275e-05,0.0008934013021644205,0.024710989091545343,0.0376467895694077,0.0025308216572739184,0.037245035637170076,0.016723121516406536,0.41267435997724533,0.41267435997724533,0.006972553674131632,0.006972553674131632,120
0.08531298488378525,0.991404801607132,0.0803169421851635,0.002943599538411945,1.5054077096010587e-06,2.9567915201187134,1.4073004876991035e-05,0.0009420693822903559,0.18331540748476982,0.14436430297791958,0.0015565984358545393,0.015901634469628334,0.03617214038968086,0.437106154859066,0.437106154859066,0.0120498426258564,0.0120498426258564,121
0.043168081901967525,0.7780889421701431,0.156044103205204,0.0033604525378905237,1.0041192410881195e-06,3.0766165256500244,6.666958825007896e-06,0.00042499199480516836,0.1858500950038433,0.14632908627390862,0.0004701234502135776,0.007541834493167698,0.021151436958462,0.30452048406004906,0.30452048406004906,0.02005484653636813,0.02005484653636813,122
0.02991955727338791,0.8243698626756668,0.1740201748907566,0.003004902391694486,8.762363989944788e-07,3.087276816368103,3.0022258101780608e-06,5.591567969531752e-05,0.035421664360910654,0.12568463571369648,5.797194717160892e-05,0.005830781301483512,0.004607817973010242,0.37205394357442856,0.37205394357442856,0.052397032268345356,0.052397032268345356,123
0.01940607908181846,0.7152052968740463,0.26408601552248,0.003167830582242459,6.731001889193067e-07,3.235125243663788,2.5918598112184554e-06,2.3770094230712857e-05,0.034293802455067635,0.2675676718354225,6.127930646471214e-05,0.006834084051661193,0.003497413999866694,0.39928138256073,0.39928138256073,0.06563229020684958,0.06563229020684958,124
0.017749274848029017,0.46844467520713806,0.3768499940633774,0.003487638896331191,5.763682509041246e-07,3.247104287147522,2.282788642560263e-06,2.4336500246135984e-05,0.026712315157055855,0.17973709851503372,8.149090717779472e-05,0.0065492140129208565,0.004136716015636921,0.3022020123898983,0.3022020123898983,0.07174255326390266,0.07174255326390266,125
0.01976883038878441,0.6195563822984695,0.28595272451639175,0.003659656213130802,4.995014890596394e-07,3.0763858556747437,2.2768963958696986e-06,2.7815672183351126e-05,0.0199448736384511,0.2209680899977684,5.213987151364563e-05,0.00439510477008298,0.0029088094015605748,0.2185109630227089,0.2185109630227089,0.08235180750489235,0.08235180750489235,126
0.01715326914563775,0.48387572169303894,0.39915781468153,0.0036721699871122837,5.577669881517977e-07,3.15737783908844,2.31223410196435e-06,4.12022382079158e-05,0.02470236038789153,0.28138089925050735,6.857993867015466e-05,0.004361446772236377,0.003132481360808015,0.18398543819785118,0.18398543819785118,0.08048910647630692,0.08048910647630692,127
0.014168375637382269,0.41729606688022614,0.4349260777235031,0.0034477998269721866,5.850930762107964e-07,3.1209182739257812,2.282736346614911e-06,4.410031579027418e-05,0.07320364937186241,0.39446689188480377,4.469029590836726e-05,0.0030085831531323493,0.0046019142610020936,0.23524880409240723,0.23524880409240723,0.07339468691498041,0.07339468691498041,128
0.01572206267155707,0.4719410464167595,0.39571788161993027,0.0033559207804501057,5.641340550255336e-07,3.2531291246414185,2.2124513066046347e-06,3.3709154649841366e-05,0.08310102857649326,0.48350434750318527,4.8015576794568915e-05,0.004108355788048357,0.00498568348120898,0.3462206944823265,0.3462206944823265,0.07210386451333761,0.07210386451333761,129
0.015246442053467035,0.4060867056250572,0.4071309417486191,0.0036813272163271904,5.630129251699145e-07,3.314717411994934,2.4537129661439394e-06,5.075600256532198e-05,0.11792785488069057,0.5445824563503265,4.068251200806117e-05,0.0026170429191552103,0.006689394358545542,0.2628299593925476,0.2628299593925476,0.06551829632371664,0.06551829632371664,130
0.013623688137158751,0.37712063640356064,0.46124935150146484,0.0032999945688061416,6.623653092674431e-07,3.192053437232971,2.5095235400840465e-06,0.00016099866115837358,0.19978441298007965,0.5716992169618607,1.8294264236828894e-05,0.0013614969793707132,0.0071937189204618335,0.29679909348487854,0.29679909348487854,0.14761357568204403,0.14761357568204403,131
0.01582152210175991,0.4607002064585686,0.4172704741358757,0.0034677956136874855,6.63830519442854e-07,3.1889554858207703,2.5727592856128467e-06,0.00013513795238395687,0.12699929997324944,0.5295231193304062,2.149738520529354e-05,0.0013868029054719955,0.00573153723962605,0.3232109919190407,0.3232109919190407,0.17019087448716164,0.17019087448716164,132
0.016233804635703564,0.609038844704628,0.3042030334472656,0.003549469984136522,6.920772932517139e-07,3.279097080230713,2.7041568273489247e-06,6.961420695006382e-05,0.13626142404973507,0.48720043152570724,3.077247811233974e-05,0.002100441779475659,0.006347910966724157,0.39018861949443817,0.39018861949443817,0.11001334525644779,0.11001334525644779,133
0.018509997753426433,0.6810600310564041,0.25773027911782265,0.0032557224039919674,7.711189198289503e-07,3.319326639175415,2.870957587219891e-06,5.7969514273281675e-05,0.15709800645709038,0.39854511618614197,3.914893568435218e-05,0.0027926432085223496,0.00741118099540472,0.43871980160474777,0.43871980160474777,0.0874541886150837,0.0874541886150837,134
0.017839224310591817,0.5165957659482956,0.30954452231526375,0.003372162755113095,7.427809833870924e-07,3.249293565750122,2.7297357974020997e-06,8.370412615477107e-05,0.12977611273527145,0.4294302314519882,4.536524102149997e-05,0.0025206271675415337,0.008113529183901846,0.3927967697381973,0.3927967697381973,0.10082777589559555,0.10082777589559555,135
0.015567159280180931,0.3790401667356491,0.40724482387304306,0.0033602319308556616,8.28143882358745e-07,3.2306507229804993,2.572222115304612e-06,0.00017040985767380334,0.2600480243563652,0.5115560069680214,4.565646122500766e-05,0.0021616482990793884,0.013223782880231738,0.3309261426329613,0.3309261426329613,0.1079447939991951,0.1079447939991951,136
0.016818972071632743,0.3675395995378494,0.35625264048576355,0.0042954436503350735,7.688205272415871e-07,3.2619568705558777,2.4113123231472855e-06,0.00022230093236430548,0.4790055379271507,0.4654072970151901,2.2370650185621344e-05,0.0016112899174913764,0.011775452876463532,0.24232493713498116,0.24232493713498116,0.13828132301568985,0.13828132301568985,137
0.015951720997691154,0.3905166685581207,0.33902835100889206,0.004454334557522088,7.753679653887957e-07,3.324754536151886,2.346161664945612e-06,0.00024954049877123907,0.5111232772469521,0.43507467955350876,1.9392091417103074e-05,0.0017218207358382642,0.00963328406214714,0.23304231464862823,0.23304231464862823,0.14323056675493717,0.14323056675493717,138
0.021240818314254284,0.40068507194519043,0.3071266785264015,0.004636803932953626,1.0181631182604178e-06,3.2807788252830505,2.520484656542976e-06,0.00044604479626286775,0.7128224521875381,0.4324764385819435,3.370002559677232e-05,0.0018407685274723917,0.016447759699076414,0.16979819163680077,0.16979819163680077,0.16451703384518623,0.16451703384518623,139
0.020618822891265154,0.4321204498410225,0.312261451035738,0.00423335877712816,7.686885794555565e-07,3.2922911643981934,2.321168892649439e-06,0.00014346181160362903,0.5242747440934181,0.5901641398668289,2.6479917778488016e-05,0.0018370168982073665,0.013308183988556266,0.24848300963640213,0.24848300963640213,0.10883843526244164,0.10883843526244164,140
0.02041508909314871,0.4195510223507881,0.33805064857006073,0.0038438395131379366,6.883405490043515e-07,3.270479142665863,2.2593368953494064e-06,6.949997896299465e-05,0.3734561428427696,0.6123447045683861,2.748464112301008e-05,0.0020427843264769763,0.011895879870280623,0.2991604432463646,0.2991604432463646,0.08313225582242012,0.08313225582242012,141
0.020029516890645027,0.39095044136047363,0.34241143614053726,0.004279525310266763,7.473177277006471e-07,3.1619006395339966,2.2689413015086757e-06,8.296717169287149e-05,0.3744342178106308,0.528235174715519,4.2484716686885804e-05,0.0025065537192858756,0.01404995215125382,0.3100333735346794,0.3100333735346794,0.07124391850084066,0.07124391850084066,142
0.025780319701880217,0.4965122789144516,0.29137004166841507,0.004936275654472411,7.513259703273434e-07,3.099706768989563,2.4728373659854697e-06,7.771393939037807e-05,0.22465553134679794,0.468197837471962,6.515899713122053e-05,0.00247815070906654,0.01333205378614366,0.2909722737967968,0.2909722737967968,0.06845568772405386,0.06845568772405386,143
0.02936056349426508,0.593724437057972,0.22268591448664665,0.005189549410715699,5.625191690228348e-07,2.978072166442871,2.0622275087589514e-06,3.362984671184677e-05,0.11915317736566067,0.5953029915690422,5.075362878415035e-05,0.003373486688360572,0.008129486232064664,0.2830198220908642,0.2830198220908642,0.060902866534888744,0.060902866534888744,144
0.03256650175899267,0.6542503833770752,0.18188469111919403,0.0063836900517344475,6.754254400220816e-07,2.9506218433380127,1.9020193064989144e-06,2.6252257612213725e-05,0.14354616403579712,0.48082444816827774,0.00011958754839724861,0.006116014556027949,0.013910378329455853,0.39131633937358856,0.39131633937358856,0.04855540581047535,0.04855540581047535,145
0.03180825151503086,0.49076735973358154,0.2393084205687046,0.006633712910115719,5.640297118247872e-07,2.8354400396347046,1.7114543027219042e-06,2.2602512217417825e-05,0.11952217668294907,0.4089205712080002,0.0001253495975106489,0.008253541891463101,0.01239318517036736,0.3612516075372696,0.3612516075372696,0.03630407154560089,0.03630407154560089,146
0.032898965291678905,0.37650201469659805,0.284869521856308,0.007242659921757877,1.0120178473016495e-06,2.9116028547286987,2.2910829500233376e-06,0.00010457138159836177,0.1571783423423767,0.21304070949554443,0.00018761385945254005,0.0032639256096445024,0.01980199245736003,0.2582067623734474,0.2582067623734474,0.06278774235397577,0.06278774235397577,147
0.027832500636577606,0.33032801002264023,0.29977548867464066,0.006339683895930648,1.5348358317623934e-06,3.044877052307129,2.9293249781403574e-06,0.0006454712274717167,0.4282035306096077,0.19299838691949844,0.00012502665413194336,0.0022904376965016127,0.026515498757362366,0.24573368951678276,0.24573368951678276,0.13051302172243595,0.13051302172243595,148
0.02389119705185294,0.2792970836162567,0.35893578082323074,0.00721947115380317,1.433328264965894e-06,2.8855499625205994,2.886036725158192e-06,0.0014342936628963798,0.5686564743518829,0.19183682277798653,7.864625331421848e-05,0.0016627408331260085,0.02684296341612935,0.20825708284974098,0.20825708284974098,0.17497479915618896,0.17497479915618896,149
0.02179102273657918,0.3794831410050392,0.2937543950974941,0.00683118705637753,1.3795610698252858e-06,3.0379176139831543,3.1132762501329125e-06,0.0015263835666701198,0.5973547697067261,0.19852587953209877,8.501916454406455e-05,0.0020369244157336652,0.030082843732088804,0.21037444472312927,0.21037444472312927,0.12118975631892681,0.12118975631892681,150
0.026811256539076567,0.3890809416770935,0.268226508051157,0.0065402197651565075,1.6006150360681204e-06,3.0577772855758667,3.424129886298033e-06,0.0027394425706006587,1.006436049938202,0.17985815182328224,8.832389539747965e-05,0.0022112073202151805,0.03578613046556711,0.1751246675848961,0.1751246675848961,0.13979969546198845,0.13979969546198845,151
0.02846220275387168,0.3941800817847252,0.2763352729380131,0.006158328615128994,1.7255520390335732e-06,3.0638259649276733,3.3836789725683047e-06,0.0025029495009221137,1.3972648978233337,0.13752970844507217,8.736427844269201e-05,0.0020422333909664303,0.034417989663779736,0.13785711489617825,0.13785711489617825,0.15358597971498966,0.15358597971498966,152
0.023681495804339647,0.4318723827600479,0.295125599950552,0.006151352426968515,1.7638278393405926e-06,3.069954812526703,3.412713169836934e-06,0.0029864863608963788,1.3470517098903656,0.14510085806250572,7.574521987407934e-05,0.002124570746673271,0.030147370416671038,0.13498952612280846,0.13498952612280846,0.1399809494614601,0.1399809494614601,153
0.025376835837960243,0.41807375848293304,0.2933201566338539,0.010330687509849668,1.8620424668824853e-06,3.036026656627655,3.1700119507149793e-06,0.0024988717632368207,1.4113344252109528,0.13374563306570053,5.163331479707267e-05,0.0017380168719682842,0.02408902393653989,0.12191087938845158,0.12191087938845158,0.15272239223122597,0.15272239223122597,154
0.02602741587907076,0.39542973041534424,0.29920274391770363,0.014504510909318924,1.9173812404460477e-06,3.0035293102264404,3.204774259302212e-06,0.00210406185942702,1.4549201726913452,0.13288332149386406,3.9029760046105366e-05,0.0016310093633364886,0.020007642451673746,0.11343248188495636,0.11343248188495636,0.1741725206375122,0.1741725206375122,155
0.03680696012452245,0.3704684227705002,0.24060584604740143,0.01652193837799132,1.892382925916536e-06,2.921575605869293,3.216676134343288e-06,0.0016452146519441158,1.47536039352417,0.12589836493134499,3.2305572403856786e-05,0.0016446516383439302,0.015491495141759515,0.10395254008471966,0.10395254008471966,0.18057513982057571,0.18057513982057571,156
0.028412395622581244,0.34193336963653564,0.2691039443016052,0.01369860372506082,1.7478848235441546e-06,2.902156710624695,3.177563883127732e-06,0.001372311235172674,1.4892706274986267,0.12276914902031422,2.4287833184644114e-05,0.0016881429473869503,0.011150686768814921,0.1051748264580965,0.1051748264580965,0.19368894398212433,0.19368894398212433,157
0.02910316688939929,0.3074380196630955,0.3109448589384556,0.014001292875036597,1.6414519166119135e-06,2.9085272550582886,2.963741962958011e-06,0.0010880965419346467,1.4772844314575195,0.11492354795336723,1.842328174461727e-05,0.0015505464398302138,0.009556213626638055,0.09805404581129551,0.09805404581129551,0.181974358856678,0.181974358856678,158
0.03913884051144123,0.2960626780986786,0.29395567253232,0.012236150214448571,1.7410008013030165e-06,2.894574999809265,3.0063546319070156e-06,0.001181727639050223,1.5227459371089935,0.09113661013543606,2.162827513529919e-05,0.001830143592087552,0.01041392795741558,0.0883364025503397,0.0883364025503397,0.15980826690793037,0.15980826690793037,159
0.036466855090111494,0.45914843678474426,0.24103939533233643,0.004932197625748813,1.5260245334047795e-06,3.186541795730591,2.9258129075060424e-06,0.0016590578889008611,1.8753282725811005,0.0934835709631443,3.092578481300734e-05,0.002022180851781741,0.012549241073429585,0.09815326891839504,0.09815326891839504,0.19798733294010162,0.19798733294010162,160
0.014786618994548917,0.4484757035970688,0.32991111278533936,0.0034683378180488944,1.2892421352717065e-06,3.459266722202301,3.0774958759138826e-06,0.0012234038149472326,1.643684208393097,0.1291135512292385,3.299581294413656e-05,0.0025798927526921034,0.010684418957680464,0.12909354642033577,0.12909354642033577,0.1401469111442566,0.1401469111442566,161
0.01629214035347104,0.533343218266964,0.285052377730608,0.0037255018833093345,1.480225364502985e-06,3.484198749065399,3.02260019680034e-06,0.0016307014448102564,2.0657606422901154,0.11756151914596558,4.265879852027865e-05,0.003170464187860489,0.012517828727141023,0.1172905694693327,0.1172905694693327,0.1765827275812626,0.1765827275812626,162
0.0236303242854774,0.6128206104040146,0.22508347406983376,0.0038567089359275997,1.770282125335143e-06,3.323770761489868,3.4916951108243666e-06,0.0029424560489133,2.2487081587314606,0.09903419762849808,6.67599215375958e-05,0.0036505339085124433,0.01619525020942092,0.0948723778128624,0.0948723778128624,0.17128366976976395,0.17128366976976395,163
0.01989668933674693,0.548543781042099,0.26953645050525665,0.003747853625100106,2.1697454144486983e-06,3.297068476676941,3.893936764143291e-06,0.003254766925238073,2.7098503708839417,0.04596924874931574,0.00017499838577350602,0.005479208775795996,0.025004588533192873,0.08321106433868408,0.08321106433868408,0.1343890093266964,0.1343890093266964,164
0.018239283235743642,0.34221719950437546,0.4694095253944397,0.002991397341247648,2.0186715232739516e-06,3.3553987741470337,3.780448309953499e-06,0.004012674908153713,2.7114999294281006,0.04145152401179075,0.00018401764464215375,0.006846101605333388,0.024969701189547777,0.0763794919475913,0.0763794919475913,0.09308569133281708,0.09308569133281708,165
0.02224575262516737,0.3611459955573082,0.38006920367479324,0.00311906827846542,1.9508695459080627e-06,3.244614601135254,3.868537987727905e-06,0.003968532255385071,2.5611382722854614,0.04233470652252436,0.0001739659273880534,0.006771291955374181,0.026717879809439182,0.07878373377025127,0.07878373377025127,0.08871057070791721,0.08871057070791721,166
0.028909810353070498,0.5221042782068253,0.2700851671397686,0.0032659422140568495,2.113323205321649e-06,3.1700804829597473,4.43816048800727e-06,0.00490369857288897,2.5228434801101685,0.03980904817581177,0.00020450450392672792,0.007142715621739626,0.03803716041147709,0.08111936040222645,0.08111936040222645,0.08020061999559402,0.08020061999559402,167
0.019252358470112085,0.38731496781110764,0.36753229796886444,0.003605826059356332,1.9891326985543856e-06,3.067682981491089,4.157751050115621e-06,0.004609102325048298,2.6921147108078003,0.035708569921553135,0.00018044685930362903,0.006494208355434239,0.03330000210553408,0.07473079487681389,0.07473079487681389,0.07874188013374805,0.07874188013374805,168
0.023307905066758394,0.4037613049149513,0.3600730374455452,0.003647440462373197,2.028171337542517e-06,3.105955421924591,4.346930211340805e-06,0.003537225420586765,2.6334547996520996,0.03436326747760177,0.00014515838302031625,0.0061392528004944324,0.02656919416040182,0.07882441394031048,0.07882441394031048,0.07785074412822723,0.07785074412822723,169
0.02474714070558548,0.45873112976551056,0.345364548265934,0.003305005084257573,2.163086492146249e-06,3.146597743034363,4.5097667111804185e-06,0.0038388901157304645,2.5858402252197266,0.0335743697360158,0.0002090252201014664,0.006522698677144945,0.037793072406202555,0.08321703411638737,0.08321703411638737,0.07943233475089073,0.07943233475089073,170
0.014544556615874171,0.2921625040471554,0.5243108049035072,0.0031261079129762948,2.20344745116563e-06,3.1920969486236572,3.902610217210167e-06,0.003914796106982976,2.511163651943207,0.03998579457402229,0.00022804317268310115,0.007071382715366781,0.038727372884750366,0.08818487636744976,0.08818487636744976,0.0882851891219616,0.0882851891219616,171
0.016488584224134684,0.44169675558805466,0.42847055941820145,0.0032428570557385683,2.647639121278189e-06,3.298174738883972,3.921252016425569e-06,0.0034700619289651513,2.503206729888916,0.045031183399260044,0.00035670571378432214,0.008909327443689108,0.04347945097833872,0.08531514555215836,0.08531514555215836,0.07811108138412237,0.07811108138412237,172
0.0206392677500844,0.4730430245399475,0.3637605905532837,0.0039061842835508287,3.217817550194013e-06,3.373093605041504,4.328100544626068e-06,0.003311697510071099,2.562810778617859,0.03814366878941655,0.00046122346248012036,0.010528756538406014,0.04863478243350983,0.0876328069716692,0.0876328069716692,0.06378134246915579,0.06378134246915579,173
0.022854171693325043,0.4645277187228203,0.44494248926639557,0.003925671044271439,3.2965138530016702e-06,3.3866268396377563,4.87259455894673e-06,0.004090234870091081,2.434711754322052,0.040991511195898056,0.0004466624159249477,0.01049370039254427,0.04879300948232412,0.08098943158984184,0.08098943158984184,0.05315449554473162,0.05315449554473162,174
0.01682738307863474,0.3766344487667084,0.4557297006249428,0.0039925804594531655,3.3745430982889957e-06,3.4951388835906982,4.790688308276003e-06,0.0037286311271600425,2.5081247091293335,0.038749147206544876,0.00043458352593006566,0.01071374281309545,0.04393024370074272,0.07154523395001888,0.07154523395001888,0.043283840641379356,0.043283840641379356,175
0.02074515214189887,0.5685724690556526,0.3282665088772774,0.0034087893436662853,3.4680232374739717e-06,3.4664195775985718,5.074166438134853e-06,0.0026811656425707042,2.315991520881653,0.05983443930745125,0.0004584622729453258,0.011636530980467796,0.036098104901611805,0.08108355104923248,0.08108355104923248,0.04043641034513712,0.04043641034513712,176
0.033855310175567865,0.53349569439888,0.43835192918777466,0.0038819032488390803,3.7258439533616183e-06,3.5134267807006836,4.797651627086452e-06,0.0008880082896212116,2.133616656064987,0.06469230633229017,0.0007630344771314412,0.016001544427126646,0.06835101172327995,0.1217443123459816,0.1217443123459816,0.028206603601574898,0.028206603601574898,177
0.019754841923713684,0.30877264216542244,0.8974404633045197,0.003055885899811983,3.339668808166607e-06,3.4674829244613647,4.488925640089292e-06,0.00033327294659102336,1.810169667005539,0.0736801978200674,0.0009208596020471305,0.026754930149763823,0.07552088238298893,0.134281599894166,0.134281599894166,0.01835089409723878,0.01835089409723878,178
0.021836175583302975,0.5113793537020683,0.4721740633249283,0.004578234802465886,3.470001672667422e-06,3.4451213479042053,7.414717515530356e-06,0.0002655219577718526,1.487225890159607,0.06738037802278996,0.0008691085531609133,0.02346941502764821,0.07922278717160225,0.2558079734444618,0.2558079734444618,0.013028995599597692,0.013028995599597692,179
0.13034221716225147,0.5093231424689293,0.3780044987797737,0.004057364712934941,7.823610985724372e-06,3.4298521280288696,1.9399694792809896e-05,0.00045223136112326756,0.8059150725603104,0.06330805364996195,0.005666580982506275,0.06579779554158449,0.18061107024550438,0.7549692690372467,0.7549692690372467,0.012581435730680823,0.012581435730680823,180
0.052362727001309395,0.6603448837995529,0.36943811923265457,0.005895959911867976,6.774046710233961e-06,3.775651454925537,4.7527356628052075e-06,0.0017693634436000139,0.010004674550145864,0.012246980331838131,0.14082434587180614,0.11659671552479267,0.15708420425653458,0.22200658917427063,0.22200658917427063,0.15113267116248608,0.15113267116248608,181
0.0,0.0,0.0,0.0,0.0,0.0,0.0,0.0,0.0,0.0,0.0,0.0,0.0,0.0,0.0,0.0,0.0,182
0.0,0.0,0.0,0.0,0.0,0.0,0.0,0.0,0.0,0.0,0.0,0.0,0.0,0.0,0.0,0.0,0.0,242
0.046914457343518734,0.37705276161432266,0.47866135835647583,0.0051457289373502135,1.6126811885897041e-06,3.2835960388183594,5.289927003104822e-06,7.493795806112757e-06,0.00023215516193886288,0.15853052958846092,8.599819921073504e-05,0.09465830400586128,0.0037677353248000145,0.4410427436232567,0.4410427436232567,0.06705535110086203,0.06705535110086203,244
0.09678960777819157,1.3229939341545105,0.31386151909828186,0.0039157827268354595,2.3192968967578054e-06,3.09630811214447,4.86541125610529e-06,1.0139834785150015e-05,0.001153879493358545,0.21591467782855034,7.58564692660002e-05,0.0677589001134038,0.0012884009629487991,0.7361210137605667,0.7361210137605667,0.10362744331359863,0.10362744331359863,245
0.10840402916073799,0.6203340739011765,0.3826725482940674,0.0040561953210271895,1.7908642746533587e-06,3.230903148651123,6.171954396450019e-06,1.5332024076997186e-05,0.003995356964878738,0.0871322862803936,0.0003046152232855093,0.05373795982450247,0.003565190127119422,1.0831494629383087,1.0831494629383087,0.05612248554825783,0.05612248554825783,246
0.15255821868777275,0.654560998082161,0.46445924788713455,0.0026377590256743133,3.6953687754248676e-06,3.38309109210968,5.105499099045119e-06,2.920847919085645e-05,0.027140961028635502,0.059555801562964916,0.0015724808326922357,0.0426993565633893,0.020707801450043917,0.7510651648044586,0.7510651648044586,0.10840124450623989,0.10840124450623989,247
0.20958030596375465,0.47172967344522476,0.4144233837723732,0.0024689792189747095,1.0085941539728083e-05,3.7938162684440613,6.259440397116123e-06,0.00017938806195161305,0.07747662253677845,0.033031145576387644,0.009278213838115335,0.11451401747763157,0.15893839299678802,0.628305971622467,0.628305971622467,0.06913831923156977,0.06913831923156977,248
0.34716323018074036,1.1894741654396057,0.13225747272372246,0.008558140834793448,6.444133191507717e-06,3.309769630432129,1.860617203419679e-05,0.00015708877981523983,0.10657718405127525,0.019871145486831665,0.013292833464220166,0.03563110716640949,0.297128576785326,0.5070061981678009,0.5070061981678009,0.010637962259352207,0.010637962259352207,249
0.17506320029497147,1.2478004395961761,0.14138377271592617,0.0349734234623611,4.854579742641363e-06,3.4011566638946533,1.0249717661281466e-05,7.884631486376747e-05,0.21124714985489845,0.034378161653876305,0.008832651074044406,0.02041280036792159,0.2617175318300724,0.7078493386507034,0.7078493386507034,0.006507174111902714,0.006507174111902714,250
0.20786821842193604,1.3341473042964935,0.1200669165700674,0.06549357902258635,6.462812507379567e-06,2.8511422872543335,1.2807292932848213e-05,0.0001855088339652866,0.2912687696516514,0.03343773074448109,0.00798804103396833,0.012989238603040576,0.48603955656290054,0.3407840058207512,0.3407840058207512,0.004811209510080516,0.004811209510080516,251
0.18579907715320587,1.1696387082338333,0.17480984330177307,0.021196729503571987,6.075675855754525e-06,3.0637678503990173,1.703093857940985e-05,0.0004020923370262608,0.48935960978269577,0.039878678508102894,0.011805035173892975,0.012385742738842964,0.7791456580162048,0.2098720520734787,0.2098720520734787,0.004214570217300206,0.004214570217300206,252
0.33233828842639923,1.54905304312706,0.07999643683433533,0.02291419543325901,7.659911034352263e-06,3.353399634361267,1.9489816622808576e-05,0.0002494372347427998,0.17392171546816826,0.020032639149576426,0.027170798275619745,0.01531564281322062,0.4792172461748123,0.41382890194654465,0.41382890194654465,0.005382642266340554,0.005382642266340554,253
0.7072660326957703,1.1111453175544739,0.09948949329555035,0.05062053445726633,7.16480258233787e-06,2.919006645679474,3.2027583074523136e-05,0.00038083620893303305,0.04934941418468952,0.015189695404842496,0.03338363720104098,0.022613373585045338,0.12746987864375114,0.3721941262483597,0.3721941262483597,0.0036548796924762428,0.0036548796924762428,254
1.1593328416347504,1.5353624522686005,0.03667485900223255,0.22741593420505524,6.8345514137035934e-06,1.5852835774421692,6.061618023522897e-05,0.000317144877044484,0.036312409210950136,0.011986580211669207,0.04146002698689699,0.014602994779124856,0.21428484469652176,0.4340315982699394,0.4340315982699394,0.0027197427698411047,0.0027197427698411047,255
0.04747580736875534,1.3365636765956879,0.21336374804377556,0.04162232391536236,5.659470048158255e-06,4.369029402732849,2.6524649001657963e-05,0.0014829618157818913,0.03969218581914902,0.030027341563254595,0.06204294040799141,0.01720954431220889,0.3830450400710106,0.0890649389475584,0.0890649389475584,0.006171061540953815,0.006171061540953815,256
0.8921946585178375,1.456933617591858,0.058374092914164066,1.0939236730337143,4.077006110492221e-06,0.5264285206794739,3.573519052224583e-05,0.00022349766368279234,0.009585501393303275,0.02506488235667348,0.005530600901693106,0.0254672858864069,0.0217482540756464,0.4038902372121811,0.4038902372121811,0.0038606690941378474,0.0038606690941378474,257
0.9438567608594894,1.2919558584690094,0.05708112381398678,0.8042667806148529,3.901404284079035e-06,0.8456151187419891,3.3730345876392676e-05,9.407256584381685e-05,0.0006567739910678938,0.035487283021211624,0.001713872334221378,0.04590027965605259,0.010970875155180693,0.3343929350376129,0.3343929350376129,0.006504785269498825,0.006504785269498825,258
1.5466812252998352,2.206857353448868,0.02398081822320819,0.7636675983667374,6.319980343505449e-06,0.9077519923448563,0.00012292553037696052,0.0002812722414091695,0.00013893011782784015,0.04670380614697933,0.002635611454024911,0.039041703566908836,0.011200736043974757,0.21674074232578278,0.21674074232578278,0.008474329952150583,0.008474329952150583,259
0.0,0.0,0.0,0.0,0.0,0.0,0.0,0.0,0.0,0.0,0.0,0.0,0.0,0.0,0.0,0.0,0.0,260
0.1124411728233099,0.23360779508948326,0.5432101711630821,0.0052057416178286076,4.369390751435276e-06,3.6389195919036865,9.58757823354972e-06,9.58757823354972e-06,1.3788180694973562e-05,0.1450082566589117,4.8719825826992746e-05,0.1919560693204403,0.0005554320523515344,0.10701914317905903,0.10701914317905903,0.08500611409544945,0.08500611409544945,282
0.1360944751650095,0.6650517880916595,0.4522126540541649,0.003446785849519074,3.608574843383394e-06,3.82737398147583,2.205274768130039e-05,4.259981778886868e-05,0.0016705901362001896,0.06534429267048836,0.0003099700916209258,0.020538661628961563,0.004389308160170913,0.30404310673475266,0.30404310673475266,0.024877851828932762,0.024877851828932762,283
0.20533978939056396,0.9551651775836945,0.2785547822713852,0.004471068968996406,5.252385903986578e-06,3.9860552549362183,3.089556912527769e-05,7.377788733720081e-05,0.03199951024726033,0.05260409787297249,0.0033559862640686333,0.016291342908516526,0.04158199764788151,0.8345933258533478,0.8345933258533478,0.011106391903012991,0.011106391903012991,284
0.04330991301685572,0.865919291973114,0.3760114312171936,0.005549004999920726,5.173505428501812e-06,3.896639049053192,3.665703843580559e-05,0.00012195800081826746,0.08296447806060314,0.020707263611257076,0.006933207623660564,0.015144229400902987,0.12792828492820263,0.6051493063569069,0.6051493063569069,0.00587437127251178,0.00587437127251178,285
0.06283334922045469,1.21465303003788,0.17497919499874115,0.005193177494220436,5.847151101079362e-06,3.6865919828414917,5.1250908654765226e-05,0.0002459586175973527,0.07221624720841646,0.03158529056236148,0.023284147027879953,0.03722512163221836,0.1059369184076786,0.5454152449965477,0.5454152449965477,0.004220037662889808,0.004220037662889808,286
0.06991710513830185,0.8187190443277359,0.19723786041140556,0.005481790867634118,5.9137795460628695e-06,3.720863461494446,3.869726697303122e-05,0.00017122843928518705,0.06429200991988182,0.019248820608481765,0.021025219466537237,0.032243626192212105,0.120039451867342,0.45693177729845047,0.45693177729845047,0.004642698622774333,0.004642698622774333,287
0.08206444792449474,0.8143236488103867,0.2118266001343727,0.004868240503128618,4.590353626099386e-06,3.455207943916321,2.6682887437345926e-05,0.00012872645129391458,0.05391714163124561,0.05544463638216257,0.007304030586965382,0.04193850327283144,0.04810627084225416,0.48163365572690964,0.48163365572690964,0.00506721087731421,0.00506721087731421,288
0.06247599143534899,0.7536394149065018,0.24972662329673767,0.005448934971354902,4.633562298295146e-06,3.379780650138855,2.7474604848976014e-05,0.00018066846678266302,0.12688920833170414,0.0760938972234726,0.006544631323777139,0.04615821409970522,0.04974530078470707,0.42984820902347565,0.42984820902347565,0.0041835333104245365,0.0041835333104245365,289
0.048447903245687485,1.5830588340759277,0.15086127445101738,0.00474530563224107,6.202584472703165e-06,3.596867322921753,2.9337063551793108e-05,0.0002493238207534887,0.09063664823770523,0.03023162018507719,0.017807713011279702,0.05739699583500624,0.07420302834361792,0.6323180347681046,0.6323180347681046,0.00588682945817709,0.00588682945817709,290
0.03554638708010316,1.1468414217233658,0.3108026832342148,0.003851370420306921,6.346634791043471e-06,3.491005003452301,1.9867095488734776e-05,0.0003296735667390749,0.5900443717837334,0.06367360707372427,0.006501139723695815,0.028856205753982067,0.21339744329452515,0.39000093936920166,0.39000093936920166,0.006647240370512009,0.006647240370512009,291
0.08472980000078678,1.1713054776191711,0.2613421529531479,0.0033588006044737995,6.412279844880686e-06,3.395942449569702,1.7561156937517808e-05,0.00044360578613122925,0.772426500916481,0.06722783669829369,0.00593470293097198,0.026916428469121456,0.18648453056812286,0.26620224118232727,0.26620224118232727,0.008648706134408712,0.008648706134408712,292
0.049641700461506844,1.4340919256210327,0.19174575805664062,0.003009783395100385,8.552128178962448e-06,3.2941773533821106,1.7557221099195885e-05,0.000612032090430148,0.8080963790416718,0.12406372465193272,0.01292720204219222,0.051593026146292686,0.2045828104019165,0.3126996383070946,0.3126996383070946,0.008264105999842286,0.008264105999842286,293
0.07084248121827841,1.730685979127884,0.16666805371642113,0.0035695673432201147,7.62692707212409e-06,3.4066644310951233,1.392058265992091e-05,0.00039150640077423304,0.2804326079785824,0.1374998316168785,0.025229526218026876,0.0669699115678668,0.15582263469696045,0.3657935559749603,0.3657935559749603,0.0075169448973611,0.0075169448973611,294
0.04212061408907175,1.2502624094486237,0.18759915605187416,0.003753490454982966,5.138706455909414e-06,3.803449273109436,1.3054437886239612e-05,0.00021565534552792087,0.16754310578107834,0.056226360611617565,0.014331419952213764,0.02929577836766839,0.11546437628567219,0.3971756622195244,0.3971756622195244,0.008334398735314608,0.008334398735314608,295
0.021476158872246742,0.7647699117660522,0.34288711845874786,0.0038706831401214004,6.009423145769688e-06,4.062875509262085,1.5456785149581265e-05,0.00027931217118748464,0.10796349495649338,0.01731004100292921,0.02478230744600296,0.022382312454283237,0.24002673104405403,0.22954249754548073,0.22954249754548073,0.008979326230473816,0.008979326230473816,296
0.032396099995821714,1.167047694325447,0.25265317410230637,0.0033503922168165445,6.546544000229915e-06,3.8972172141075134,1.8976345472765388e-05,0.0001924205025716219,0.06283743772655725,0.024877390824258327,0.017825422110036016,0.0378066161647439,0.10996230877935886,0.5200438946485519,0.5200438946485519,0.012818413088098168,0.012818413088098168,297
0.025663180276751518,1.3762162625789642,0.2169513702392578,0.0035060441587120295,6.711582614116196e-06,3.9445319771766663,2.142479161193478e-05,0.00024135275452863425,0.055153281427919865,0.04517387133091688,0.01065255026333034,0.04905587062239647,0.09955411776900291,0.624280758202076,0.624280758202076,0.01463662600144744,0.01463662600144744,298
0.01980150816962123,1.4107273519039154,0.23562099784612656,0.004024613299407065,6.780549028917449e-06,3.9766818284988403,1.4764408433620702e-05,0.00015893467207206413,0.03540127770975232,0.08066394366323948,0.007505390094593167,0.059995618648827076,0.06323637906461954,0.7672576606273651,0.7672576606273651,0.02817438915371895,0.02817438915371895,299
0.025580537039786577,1.052008718252182,0.32089509069919586,0.00284710549749434,6.371413974193274e-06,4.034877717494965,1.3545251249524881e-05,0.00010086660950037185,0.010024282382801175,0.06061903666704893,0.0329467817209661,0.09002187289297581,0.15965661033988,0.6582723557949066,0.6582723557949066,0.031174058094620705,0.031174058094620705,300
0.01409428077749908,0.6654374301433563,0.7187262177467346,0.003505486238282174,4.154453279170411e-06,3.890148401260376,1.5434130773428478e-05,5.437665095087141e-05,0.01881606411188841,0.14169062487781048,0.0062717864057049155,0.053159939125180244,0.05759531632065773,1.2914292514324188,1.2914292514324188,0.02169189741834998,0.02169189741834998,301
0.1608453132212162,0.47091927379369736,0.27454232797026634,0.0045449702884070575,4.254624741406587e-06,3.8250839710235596,8.82945926150569e-06,1.972744030354079e-05,0.03517421893775463,0.12545671314001083,0.0010052096331492066,0.025893517304211855,0.021520773880183697,1.157003864645958,1.157003864645958,0.056654978543519974,0.056654978543519974,302
0.6930562853813171,0.3098006919026375,0.36098089069128036,0.003293931658845395,6.302669817159767e-06,3.7847119569778442,1.2171616390332929e-05,0.00013284358828968834,0.009521615575067699,0.2848568744957447,0.002438058436382562,0.18633849918842316,0.006591675919480622,0.7548942416906357,0.7548942416906357,0.027443519793450832,0.027443519793450832,303
0.9687584638595581,0.2693289518356323,0.30452342703938484,0.0049429916543886065,5.820967885483697e-06,3.5778728127479553,6.966359933358035e-06,4.496347173699178e-05,0.0006083948028390296,0.2534641698002815,0.0011175835970789194,0.512012206017971,0.004234346852172166,0.4212009906768799,0.4212009906768799,0.07334025576710701,0.07334025576710701,304
0.0,0.0,0.0,0.0,0.0,0.0,0.0,0.0,0.0,0.0,0.0,0.0,0.0,0.0,0.0,0.0,0.0,305
0.0,0.0,0.0,0.0,0.0,0.0,0.0,0.0,0.0,0.0,0.0,0.0,0.0,0.0,0.0,0.0,0.0,306
0.0,0.0,0.0,0.0,0.0,0.0,0.0,0.0,0.0,0.0,0.0,0.0,0.0,0.0,0.0,0.0,0.0,307
0.0,0.0,0.0,0.0,0.0,0.0,0.0,0.0,0.0,0.0,0.0,0.0,0.0,0.0,0.0,0.0,0.0,308
0.0,0.0,0.0,0.0,0.0,0.0,0.0,0.0,0.0,0.0,0.0,0.0,0.0,0.0,0.0,0.0,0.0,309
0.0,0.0,0.0,0.0,0.0,0.0,0.0,0.0,0.0,0.0,0.0,0.0,0.0,0.0,0.0,0.0,0.0,310
0.11931085027754307,0.7381259649991989,0.4377507418394089,0.004640096158254892,2.8403880492078315e-06,3.557806611061096,1.9644833173515508e-05,2.2959256966714747e-05,0.000157066297106212,0.06324171088635921,0.00021091602320666425,0.06567446049302816,0.0006440104334615171,0.36090560257434845,0.36090560257434845,0.022087895777076483,0.022087895777076483,311
