frame,rx,ry,rz,tx,ty,tz
0,0.08862632725721296,1.860202002734981,-0.1288919245918595,199.79539035403585,-24.849570625372493,-1084.6604875122673
1,10.477236357016105,5.035828150009886,-5.119189498358343,2191.0550658916927,-357.8319976158464,-13562.825532138466
2,0.09159332123851853,1.8732617710364232,-0.06889513001845474,204.09919651363367,-25.309720697194994,-1215.0088626570798
3,0.07858307867128378,1.8983575403574178,-0.04842133181526619,198.61871174965268,-26.49600344965173,-1231.613776555306
4,0.06885720463037655,1.907562434762582,-0.05862388283306031,193.30594507479506,-28.345025102867726,-1248.1818080026374
5,0.07451185104282121,1.9039925670684894,-0.07432992472320875,189.31494607556579,-30.548631689991158,-1279.8264188536489
6,0.049361281261630585,1.9504367445193316,-0.050348560962417285,184.12278315192566,-31.917027879589742,-1297.802275725458
7,0.03402865183952043,1.971641248930479,-0.039960320822119554,179.15334903557516,-32.81787823339062,-1313.0507524348786
8,0.04109849320601909,2.0358240301253168,-0.04782271135906123,177.6146817936455,-34.219635507004135,-1348.2716173913695
9,0.033234181553588024,2.069815360406162,-0.05165366413877111,172.43235237453868,-34.19201889610619,-1351.8480641197248
10,2.9098713169171875,-0.08656261504720872,-1.2142412792233743,-169.9972997803462,34.685310910580654,1348.8072777157688
11,2.8950708259289093,-0.08652757330509973,-1.1992056459722182,-167.48206908714593,34.595546399206604,1343.537364677499
12,2.914923018021272,-0.09953434245865879,-1.1785683656162063,-165.3708478606249,35.46672982666777,1340.9852107710647
13,-2.904663425609036,0.1073985323079558,1.1516316941338618,-163.69257352446118,36.56197196904644,1346.2109011711225
14,-2.9086836676324683,0.1041296408750553,1.0819073304700184,-162.23013528499337,38.0491512606069,1366.5587484106204
15,-2.920620753774194,0.09604484155545256,0.9513495436743232,-156.7186510640239,38.34506715342739,1376.905763080134
16,3.173921577444452,-0.03241308129330486,-0.7124884244319658,-143.72388441081105,36.864244594285665,1377.295210874963
17,3.36475424479756,0.02996015103363418,-0.3750216486025963,-122.2091068698316,37.048047051897996,1351.1862199552313
18,-2.7759048089665237,-0.034474148123110726,0.030786636684416547,-101.03285750670024,38.20987063168236,1340.2071549397604
19,-2.798701549862404,-0.06807882191772956,-0.13433263159090705,-87.49511782143843,37.729134114759084,1343.0762786424505
20,3.444882812015086,0.09750322613193124,0.23594112824351954,-82.01535084861844,37.308680023543914,1350.335091701135
21,-2.8313442455874527,-0.1012723551680559,-0.17627316242552016,-83.01099195802043,37.13186720615316,1353.8988336148464
22,3.418620775693658,0.1305597034190336,0.1550261300267942,-85.54796951288466,36.026060359994595,1350.3411927805048
23,-2.8441056387627888,-0.1003741453038667,-0.05468337087270212,-88.94661930978519,35.47322347346189,1353.0511584565663
24,-2.8584470442842007,-0.09222637891060781,-0.026671477319772634,-91.45415512942448,34.64635904321142,1362.0911757205606
25,-2.8595227275624104,-0.08150430104698721,-0.013674776866794129,-91.53627742108951,34.256397617889476,1356.3324766884496
26,-2.848928111084798,-0.07248624886785092,-0.005006867953719558,-90.89862182079843,34.38100102055103,1353.3101389182882
27,-2.8376590110365387,-0.06779517435353007,-0.016928566958276138,-89.83591434786848,34.823272467919516,1350.6690078889812
28,-2.841852724202119,-0.06029218887826098,-0.012007706384321318,-89.19922089603587,34.70403395123004,1346.1365933627176
29,-2.851226551595788,-0.047049240394426206,0.014547970632035678,-89.17709066175767,35.01195270905634,1345.5635949429575
30,3.4807583884379385,0.05928158148917299,-0.03090878155049673,-87.86749726560326,37.62277875357612,1330.1497359142195
31,-2.7479314348219304,-0.03907861880812592,-0.0009349230978441194,-86.55366931165447,43.08784331574749,1328.599352407473
32,-2.6758379166845714,-0.022166066610474055,0.03781232982132525,-86.71331529896953,50.857927320801544,1311.4070144985667
33,-2.6110024313320714,-0.007899210431057114,0.04706536165874832,-85.90511683160169,59.38518545235689,1293.422331711509
34,-2.559216129429658,0.00373780424474728,0.038029380887344165,-86.09502426277453,68.00201294397799,1291.3500099851178
35,-2.564317231391758,0.01697741984354913,0.0942164560407924,-89.42758063200915,72.52708169931314,1295.7677748064732
36,3.700201455807051,-0.05782426096069089,-0.18808396208410033,-92.83101796463825,75.9877030699402,1317.646007623249
37,-2.5981574447000875,0.049556174463058905,0.15187478719120923,-95.83896229288311,77.80360874681539,1336.7034410585843
38,-2.6029695504496337,0.06261667576782444,0.19025082363861187,-97.56573429144639,78.53535873016945,1339.155297048014
39,-2.5963318175486654,0.07583266489834568,0.1866841695019273,-97.1658186494039,78.97270740282524,1330.5355162185283
40,-2.609456061186015,0.08172377746416389,0.2284288260073817,-98.99728080637382,80.39734131828195,1345.910028769929
41,-2.6018788950152913,0.09275261451751729,0.2500461932373615,-98.97894650585026,80.75724977795585,1336.1520451590573
42,-2.595242325826726,0.09885257799212747,0.2778276544017607,-99.66877073969079,82.0978017323881,1337.0949085336583
43,-2.610659927913452,0.10443693670187937,0.30037688715157024,-101.2849928645961,83.64550425519901,1346.5431924801849
44,-2.620414891416305,0.12492970853220192,0.3383797122351812,-102.84256489927164,85.15043304804261,1358.8238412138594
45,-2.59722745011521,0.12575484790226468,0.3334816283685384,-102.42857055077232,86.60788627405417,1351.3931301166845
46,-2.5931301209432056,0.15293423385767313,0.3575493597651189,-103.45260228072962,89.34431154999707,1364.7681862333184
47,-2.5728369436332432,0.1714100787133353,0.3560020202218042,-103.61519955777887,90.95251564674521,1352.5174280510753
48,-2.563163100124606,0.17574909208702755,0.3836283049794609,-106.5543423642455,93.98154143840168,1369.6615900252255
49,-2.5691654705324902,0.2113968409954884,0.4683160996985975,-109.23723737444482,95.7771392272478,1372.637776155122
50,-2.5460673627638357,0.2204910920498595,0.4855494151769263,-109.60456806196014,96.47960098471194,1359.4705910461903
51,-2.5483750088549115,0.23763139083359383,0.504991282946419,-111.32962694288729,97.6347294725774,1362.1408473339864
52,-2.5349280188690697,0.24967745427589105,0.5012842174385853,-111.79709525621547,98.42039681533147,1362.5422828317044
53,-2.530390865219258,0.2598152156580543,0.5124730474034903,-112.85655542811001,98.7503632347139,1369.148368846806
54,-2.5518813756521523,0.27009652645710264,0.555842777893209,-114.11685286454728,98.43059767651242,1376.2199032455073
55,-2.553933857919979,0.2780598407017374,0.5434887420634866,-113.45944961512994,97.52242704717732,1371.6628087197741
56,-2.5456969771249165,0.27259625432653833,0.5194021977748231,-111.79453985446463,96.0937901474076,1360.6769653102945
57,-2.5834075254634334,0.2801194414445028,0.5619681732005742,-112.46991852197162,95.67752655212688,1373.3278667006402
58,-2.5831486807360706,0.27629178111559366,0.5352445564356958,-110.84011565137443,93.9352137389048,1363.5436606588883
59,-2.5920440377618896,0.282894725004356,0.5465491229967188,-110.22970114841165,92.49518438252134,1366.2501284953632
60,-2.6001775584872697,0.2917635057190811,0.5368861765218896,-108.38789201215462,90.87869705138634,1362.546709406416
61,-2.61961259652132,0.27636280567610855,0.5362619812789,-107.45650494465444,87.9330061136968,1355.6289368969801
62,-2.6247280896711502,0.2602241670529936,0.5443823804026322,-105.00773931284631,82.37920999114566,1326.5994359344145
63,-2.6349080076835643,0.2369094954679098,0.520117038449024,-103.5450897693487,77.86500381649833,1319.5190179112049
64,-2.674191694793672,0.22455738917183105,0.519751069035892,-103.27306881894124,73.51237474034707,1319.5802204054355
65,-2.706810111598658,0.19782604672468826,0.5319897430313115,-103.30926555831557,70.23267893875995,1322.7462901111116
66,-2.72850958631413,0.19345338391320396,0.5327995916752665,-101.6372080671398,67.26809560494813,1317.2972678615095
67,-2.7369863508537278,0.19048912438758808,0.5333443174952924,-100.32856638469934,65.39635615671185,1317.1337042152602
68,-2.7460955225636803,0.18036557060319008,0.5216575662039529,-99.10075015713345,63.88961528344044,1318.9573727138788
69,-2.7639930992222936,0.17999300865950124,0.5531021162486437,-98.39981873362396,62.94348277825584,1321.7059118531788
70,-2.7550812273214356,0.17509995843205828,0.5565699712016947,-96.85674382337605,62.3673757324764,1314.726194969452
71,-2.7647527540539003,0.16884543700986332,0.5344333189741595,-95.77103630537523,62.59529800936091,1319.0157790127096
72,-2.7623517900748076,0.17227540048984116,0.5374783291515478,-94.49026526632771,62.50134925478858,1315.5285101268637
73,-2.757459004736297,0.16447186398100064,0.5310187898363187,-93.12058255474291,62.64320961492413,1312.0381887765525
74,-2.7569993854693786,0.15767627874533688,0.522917307194432,-91.76136948232312,62.425305502669,1307.5026866452058
75,-2.754259979917687,0.1610355391161086,0.5372127521371223,-90.69013106834232,62.22756983890752,1304.586849113712
76,-2.747744188893867,0.1494324944027625,0.4662362945584882,-88.58599527802411,63.416067752249006,1314.860927045614
77,-2.7623803464103176,0.15070529224554483,0.45883323586645935,-87.0303906324301,64.36544765152887,1328.3992472731736
78,-2.7617079515146608,0.14248789577309484,0.41249009162080225,-83.5137555086922,64.84293157747386,1326.6933254326423
79,-2.7814403140777477,0.13205275787687995,0.3904168086794461,-80.50026816245908,64.07309022884967,1319.0370891581724
80,-2.7978069655594933,0.12149284523594323,0.3535627635538906,-77.55028753390619,63.29710381680305,1311.1807825665019
81,-2.813273750334267,0.1187512905163817,0.3514813930239744,-74.84506652137927,61.70910469120062,1299.9863313703186
82,-2.8455038858479513,0.10762994831910754,0.33735678797984014,-71.76575521825646,58.52330301092972,1283.46949849618
83,-2.8909003830089364,0.10760064046416258,0.35588882797442895,-69.6348272225207,54.42021756810565,1264.7712939823853
84,-2.9423500787597736,0.11368975123654221,0.4444904713351257,-68.4314104601451,49.52435035914803,1233.7971596245184
85,-3.0035871295473764,0.11107964613666507,0.48148748280459464,-67.2634676992044,43.44875984307224,1204.1161662760367
86,-2.990834919891489,0.09237894979061193,0.4032018235527571,-66.09534212644682,39.60281406409043,1206.4034936065018
87,-3.032357955521601,0.07518368021257084,0.33471958986944167,-66.2145333595007,35.222387620423774,1230.5952817220782
88,-3.074318273928882,0.06687016823902601,0.29504060411938454,-65.94098493414587,30.435178469691333,1227.773159277875
89,-3.1157901957272567,0.06447902090082304,0.2570195083305485,-66.23444884683364,27.21111150845909,1213.981797364934
90,-3.108264891806614,0.0491488840295238,0.29233766342856576,-68.04454338307687,25.869718136677147,1194.9133948878102
91,-3.08401308238164,0.03151555710565398,0.37864873733345134,-70.7745895991901,26.337462817102445,1163.8296409750749
92,-3.0984939023407425,0.021769277494914127,0.29458881607146026,-72.62572229234921,27.07000769421696,1154.178028595226
93,-3.096391170817779,0.002247092440915659,0.27141947690831236,-75.26389218222006,26.45068582392361,1139.707634074239
94,-3.104585472807028,-0.024294358455139695,0.2367164684283996,-79.02908690201615,23.963073586446807,1132.595760047623
95,-3.1075627600369367,-0.046065521584707454,0.20781707737153024,-82.62937463015493,20.580919798451884,1113.9461894183564
96,-3.079022830274566,-0.05219852027427065,0.19021155963392147,-86.96168524063305,19.324166920071008,1096.900360402379
97,-3.06824221007289,-0.06074317709597894,0.13745454547490465,-92.71567275461591,17.85314476707302,1087.0290700801459
98,-3.0495755774884468,-0.06124167004465075,0.1130473594255417,-100.15748754994006,16.636646330305318,1083.8686906418961
99,-3.0366003448432815,-0.05611027250385632,0.08483135298675391,-106.8972040811826,14.299419024993778,1069.04725819023
100,-3.041755603808932,-0.06006659819555072,0.07564113461122599,-114.170454254137,12.170359806918155,1056.9333228438893
101,-3.043900915753569,-0.0551479057050036,0.14910272941790628,-120.97604077709063,11.03528417315512,1031.4890526492127
102,-3.080509142656467,-0.05328950508092901,0.142108856682661,-126.31913484398834,10.728979846009915,1004.9493206712458
103,-3.049533175433573,-0.05600339823741287,0.042987741324671085,-129.7894846964661,12.064444901180542,981.376367979503
104,-3.0647283216107297,-0.05895662802586157,0.04037986867183702,-134.1303023878114,12.191332046171267,961.7779640950216
105,-3.058935008141777,-0.05064492821855978,-0.03654395916969962,-137.9062121094348,12.096895353216375,954.1706111615599
106,-3.0364925011272597,-0.04951755985268948,-0.03323105094505371,-139.194272298317,13.52901221785664,933.2919274589043
107,-2.9592108433728623,-0.05167751561880415,-0.040356997669160316,-141.11300169141097,17.798432908910065,922.0823954230154
108,-2.888300833837605,-0.05570083686522943,-0.0798071264943535,-142.80529896887208,25.06935991238792,920.0587889995761
109,-2.7777461524864044,-0.043259093236160895,-0.05420650071826658,-142.96752938061402,35.124560317646996,907.0264122625567
110,-2.6815192610853704,-0.020574647165188958,-0.05358713030854471,-141.05976060342886,45.8981557972145,883.2268789938006
111,-2.6617009614908453,-0.00679996294936414,0.030948358179522864,-145.57757114395469,53.24111741231435,881.1691629659257
112,-2.637905796768449,0.020156533440885277,0.07776144287560294,-146.7250347634716,55.87270304588955,868.9892375817531
113,-2.6277026557517735,0.057593985716683366,0.14026534851938363,-147.37437710665841,56.29171454277289,861.8319764886858
114,-2.612461237736685,0.07153032859991969,0.1462190131769126,-144.32087024502255,55.603654069293164,844.580413510158
115,-2.603531854201733,0.09100886654319512,0.18953996942163578,-143.19678755591264,54.93597091878685,842.1758276888972
116,-2.611022667091162,0.10015380896484649,0.2368416108312155,-141.87638005750202,54.5573624775505,838.7731262864633
117,-2.5946371059046154,0.09714326570578405,0.21353402289403303,-139.24573188447494,53.27456506887712,827.0946072519448
118,-2.58619845546452,0.11262756294125514,0.21934133538755513,-137.34004401535645,53.918017528841794,825.8183755302778
119,-2.5962436892786642,0.15526817546527213,0.25831100950259517,-135.08701245137263,54.67028758324148,826.3030564128019
120,-2.5946012485343775,0.15959498184402293,0.2897916666447486,-133.9765021555143,56.10611980696643,824.3711389184979
121,-2.584500155501196,0.16533407673527703,0.31738015580520357,-132.13260000126505,58.042627195279124,819.3809492155167
122,-2.5720114239308267,0.1890207497855088,0.35745360095265516,-131.11586503262544,60.09224502301249,820.7918314402966
123,-2.5705472963188734,0.18256058319823504,0.3776868927043858,-129.6183066220947,61.625695663267294,818.5730794813342
124,0.254510047502508,2.4249945424244124,-0.800051651243765,136.78439198073724,-66.44915780518171,-885.2904047102218
125,0.25666258815496396,2.405317614075294,-0.7940123987525011,136.0609385236138,-68.3815992001194,-886.9062375572502
126,0.2575149758146025,2.382444683486468,-0.8260271845153591,134.70945679404855,-69.08592969523428,-882.3379895211
127,-2.552988486807869,0.20845535173729174,0.5068278306568417,-127.70097136690127,67.10488655046994,829.8793064160565
128,0.26421511331014463,2.3566357523997654,-0.7786680816149965,135.87399290527097,-70.76299363976761,-898.082790719129
129,0.2682544001421675,2.351874443255702,-0.7530475014476091,134.84532693953045,-70.66786333391488,-894.9707417338957
130,0.2843112731878464,2.348324304132406,-0.754409081801411,134.45429615951466,-71.34855987107584,-902.6516774321725
131,0.2892130712256634,2.3220422872338267,-0.7195307828951302,134.2149046158038,-70.91766105285303,-904.3701245864019
132,-2.5683479482336677,0.26126154776468286,0.5825845753388235,-126.79307915054312,68.12746178930487,849.0852065931349
133,-2.5658286515109836,0.2682982317283867,0.6139214857800481,-125.56365973908264,67.64213807012949,844.2318683937418
134,-2.568291506423006,0.2705798009074225,0.6072136316194051,-125.2000553928616,67.71885403188088,845.1960720718977
135,-2.577764828693122,0.27036236840213695,0.6118292402599891,-126.53917553165729,68.34069047590077,862.2765266316717
136,-2.573778802985509,0.24246825803747662,0.6140742767073882,-123.36320004180816,67.17471808409073,851.3281649508492
137,0.25741897593226337,2.351563463683068,-0.7013294151222601,128.57278551350842,-68.14602339890432,-918.6004004056261
138,0.2708762349362476,2.423712660231438,-0.731226125382023,122.14922486248767,-63.88566348174417,-902.7456890832492
139,-2.5898018908069287,0.19847380719095511,0.4037725178144669,-108.07182869817888,55.332382388906495,823.9020465242221
140,-2.611222732097086,0.1778979019274369,0.329264871220583,-101.46396481634848,49.15512585322489,813.3014785813773
141,-2.6435286950120385,0.1517556326757528,0.20450884922996437,-95.83842934817345,43.55243157860878,815.4056892496246
142,-2.6444682103882133,0.11878639152885125,0.1485697881674244,-91.56371769850395,38.953444676406946,811.0139886803025
143,-2.673457401092035,0.08704142258606223,0.10492837082044555,-89.29507957129191,35.37350511944654,810.7746528808824
144,-2.693284014126084,0.07093322815180464,0.09061425275793779,-88.28553381299629,32.036676199630065,811.3883880443062
145,-2.7059061425485913,0.05531024073492287,0.07127776254117385,-87.22908014962923,28.823471656355444,811.4050870098635
146,-2.7385850709883126,0.04601233109819197,0.07217317652142691,-86.78500096483928,25.522760700170423,810.5912055313217
147,-2.7678475385247188,0.039995736953686856,0.08425180434963613,-86.52408731243307,22.74839777913832,812.5798601340127
148,-2.789691073428648,0.03277154261679002,0.1155203005545931,-86.65864232139108,20.613181941937256,812.1403896805233
149,-2.8347047944193853,0.017932809055557712,0.10309655783574075,-85.60710002595964,17.571748920719603,809.3218387939229
150,-2.8726690370283507,0.010846486684310045,0.10594692282029762,-85.0462473684547,15.36924440006827,808.7442474332366
151,-2.890542256301731,0.010543023761504107,0.1297074309711994,-84.42645301803432,13.203029837021338,806.0853062027752
152,-2.9455802270822105,0.014272584660809834,0.1732685780586543,-85.11256035841905,9.739621463623639,807.8886946282375
153,-2.9737017382700834,0.011891716936284585,0.1526996052722546,-84.54455195601696,6.441891359098397,807.7169043726464
154,-3.0147802996267234,0.006629063686384085,0.20075102596939742,-85.27313989247017,2.561370889096727,805.8282459582857
155,-3.0572841037934193,0.008182673468195274,0.19352022879147923,-85.27679626242553,-0.8515310800661136,806.1981458266991
156,-3.060813799298658,0.008967155397621197,0.23526026900405256,-85.78499340106616,-2.9156966384950818,802.9863939503178
157,-3.067216682738544,0.023404960110637182,0.2610609359040265,-86.60561122458252,-3.6905628373130708,804.2082040209649
158,-3.0591711392170065,0.03889866820337583,0.24039873096766803,-86.82351540607141,-3.239352743554071,803.3520421261729
159,-3.0501749248364867,0.04899615772599886,0.2351644616719673,-86.82351156339153,-2.2507277935251073,801.1035853228235
160,-3.0388867399659256,0.04874648495780244,0.2639719086630466,-87.77469624673617,-1.5550078257469406,803.4814077366301
161,-3.03183108554456,0.060365453531861395,0.23956598013799946,-87.9628165099783,-0.9485650447449219,805.3234280866484
162,-3.0252715645601347,0.059599397154707245,0.22684320137888905,-88.04386165109605,-0.08408305184454289,803.2297124282951
163,-3.027834499916738,0.06340944556361687,0.21151383630847087,-88.72709330931384,0.48841898134108996,805.0520970029429
164,-3.0088370933409836,0.06001084837805493,0.21798250657676138,-88.9557919513837,1.549470076487067,800.4600189380045
165,-3.002329095974835,0.060153918111929106,0.21228699729979494,-89.84669432773518,1.7092356400078503,803.0106756105192
166,-3.0023190558563506,0.05963257906691637,0.22054282353935883,-90.11326003520736,2.07594216664689,802.3213449341246
167,-2.994827175627641,0.04745783882162256,0.22738454288373916,-90.59905728319285,2.090251073844124,804.1133300541197
168,-2.9901387244338555,0.04459363833594261,0.2137244827443481,-90.36507074020675,2.2550087551401816,804.9907997042927
169,-2.9755519470816623,0.028872604195038967,0.19845325152223156,-89.54234460390231,2.442328587436689,802.6227847782721
170,-2.977703430300703,0.022117707661176475,0.19547320054309333,-89.05360332101705,2.72978026497228,804.1890215325349
171,-2.9722054022144864,0.010267396567341288,0.16671972454764292,-87.87035184049678,2.6873969796901562,803.1053645670127
172,-2.9600677557766413,-0.0062614935788926915,0.16724730659519244,-87.91538495885366,3.1329075389968746,808.9908714748467
173,-2.9419719388498864,-0.01858730703587111,0.1354842250042521,-87.46626261791522,3.874822613154894,813.473795733672
174,-2.9315313321980443,-0.03419111614134903,0.12227114846020336,-87.2699395481946,4.3639389214573345,816.1985977691998
175,-2.930237050185594,-0.034644445553069655,0.11957249546221489,-86.69710854327558,4.980538643653942,817.0528147347666
176,-2.931644452212221,-0.04411768989175566,0.1155842527218019,-86.18776364963918,5.224192252572596,817.2407097518458
177,-2.9163233699578406,-0.04911336382595067,0.1078073573560906,-85.49263518492793,6.197072506439472,816.3738754060324
178,-2.919559768617367,-0.05050207134795081,0.08472797609336859,-84.81807756739434,6.277241434666707,816.0778130446977
179,-2.919628116793845,-0.052266503745621425,0.10599591169693523,-85.01642121181204,6.803759176948738,816.9675614332118
180,-2.9169541388833666,-0.05330372978448302,0.08652216180902658,-84.72054019280657,7.074416727191833,818.9471440859805
181,-2.920330526761268,-0.052356123280067134,0.09198774309699398,-84.67165646801617,7.3552637482028125,820.6883159887461
182,-2.915298723723758,-0.05912562751730967,0.09415572834601718,-84.734357021476,7.487590725765381,819.4398368547902
183,-2.9162417952511417,-0.05516240248463255,0.07185568571824781,-84.27724559896143,7.6874466898852445,818.6145598254534
184,-2.9024641936899216,-0.057129356250810906,0.08243615804069805,-84.2081470599555,7.995689361521029,816.9851198882835
185,-2.9125720724514497,-0.0533671208144131,0.06532215690995126,-84.24136499575474,8.386614129347876,819.6491991761433
186,-2.9145679862200775,-0.05679494720553828,0.08900793832034169,-84.58859775629509,8.941532454357779,820.9763212742813
187,-2.9119745622951956,-0.05989041481985286,0.08481207774455232,-85.03072775427938,9.940542898323866,823.880494438636
188,-2.918894019184049,-0.054067125368634936,0.10406676052944479,-87.23207984056867,12.059942798606695,840.714496328084
189,-2.8247425729143023,-0.04229098071361778,0.012389828298465348,-86.79949103133792,19.74724718863982,851.2391562318805
190,-2.721526263980796,-0.023375234793578215,0.023595639668318964,-87.19499047318935,28.756296913562682,844.2874035343818
191,-2.6794501922130127,0.01678785694273518,0.068052576971398,-89.55484182654743,35.97907162185858,842.7071623592029
192,-2.6725947420316123,0.04527448676997672,0.1537660146932802,-93.52272574228095,39.83499925422578,838.8528407195782
193,-2.6879806244409328,0.09195680882360405,0.23175649267605516,-99.46158790733868,42.675879797524175,846.650849668582
194,-2.6977785348109093,0.13250448985104094,0.3131651864505378,-105.38185691222908,44.65734864746987,853.1598146314137
195,-2.6803239326576564,0.1529952972476134,0.36505895968859736,-111.37645112117633,46.67150681047714,856.4831736055559
196,-2.7180224536218116,0.19950809501782854,0.45454763042484175,-117.18782152901852,47.578534252533444,866.7374306416307
197,-2.7055721909337542,0.21515275208695897,0.4737035670251866,-121.1085009769324,49.04147030405896,868.2576212469003
198,-2.6920021841096142,0.23736460846409202,0.5295941281442603,-124.22576038217515,50.2486344281556,861.17518567724
199,-2.682416616612911,0.26139634642102905,0.575092097926764,-128.61904681346033,52.26988817362041,856.4354438530718
200,-2.653234438285159,0.30494035840048017,0.6710103380644963,-135.63252240138482,56.09288548298932,857.6917996467695
201,0.3695783043538979,2.195374326009559,-0.5217043741855862,150.5172269334727,-63.37793491464273,-907.2961902570172
202,-176.7147234964741,-355.9875505871058,425.621768799798,1283.3212178467872,-635.646290130435,-7923.929133401105
203,-2.835343423590182,0.5281508392787696,-2.115240328030966,-1.0613819185604798,-33.33931171458071,-21.602328445870306
204,0.6945834638045782,2.402883594657665,-0.33832727857779066,545.6718250581165,-264.6404709231581,-3121.66926851181
205,2.9454942037018794,8.323586790103828,-1.210815630366311,538.4305989419665,-259.96511202413046,-3009.0460683809238
206,145.62545585345836,298.88889294425974,547.1435701489924,3256.5534105580546,-1555.4082451863392,-18432.943800529458
207,5.914227592315554,12.91855429623701,-3.258516429968284,167.02999795473832,-73.72686894883934,-829.1339415596507
208,3.496242395565737,7.318618493892633,-1.8271668305481763,171.2199555569243,-73.74252649534681,-830.6283084325297
209,8.944978439512667,19.374851815309,-1.3105173531234289,463.868073027002,-196.54840834219354,-2305.1171358735487
210,3.6086437275697008,7.924208393697164,-0.6510278049554143,488.39832288360964,-210.69387895154628,-2438.3296441927982
211,1.4610654769679041,3.390930724420021,0.07077979022491407,194.50700877788108,-76.7317096677877,-1024.193052331657
212,0.877974994506432,1.6844366651655973,-0.3780389835754208,181.3445685598286,-78.15138059256068,-826.2376841074298
213,0.888530388220122,1.678806392652541,-0.40439635776995414,179.2436066130051,-78.41742491824849,-817.2516520491491
214,-1.4839119613333636,0.927709007207166,-1.7792760899505147,25.53846686515661,-1.0414629292586983,-29.152196976347977
215,-1.3957004332138834,1.18669271380021,-1.9725330381581423,24.58429654796161,-7.7571059603651396,-29.053444537828035
216,-1.4862431273847032,0.9116187810095131,-1.768484847764168,25.619525410095473,-0.5750881532401226,-29.19716489455837
217,0.8931463259238422,1.6915642719127726,-0.3831385880984704,179.61199491555539,-79.40596690089447,-836.0574278672718
218,959.5319593868838,1605.7241128254632,400.4525438364869,9694.022700434445,-4387.215148244177,-50366.336735905956
219,6.507606194675228,12.672956707810798,-2.831752006175187,176.70516510308443,-78.1037680528468,-834.0844646851322
220,1.0293125474786213,2.1766377188326924,-0.43007612085848257,343.96483364678465,-152.76187922844898,-1736.7100902735585
221,0.8901268463325234,1.7170817413410024,-0.34610142253545595,177.67718358573111,-78.63972521364634,-853.3418333316708
222,95.49896946288257,190.07197014801108,-35.10424834228456,177.22274621674723,-77.73382368282995,-852.9636133924503
223,-48.915299032270944,-103.23084230580328,27.025422828818883,175.6900524161958,-78.44251174374256,-851.4383943885289
224,3.661302047387085,7.29538549085966,-1.2909715721522845,178.5640662559696,-78.06200789702064,-866.6590769932377
225,6.081967927694208,13.825228658960665,-2.2511716893801728,450.7749962045822,-200.94984800315837,-2366.97162139375
226,3.5685276561103483,8.051757060935472,-0.5347667723292856,493.73994998008897,-216.8982349937651,-2606.941636321948
227,16.681430709085927,35.50856073943896,-6.0373332550496634,174.10934330316996,-72.72043313543558,-851.4813391352268
228,3.468646809943366,8.169166801180188,-1.0000135216931632,485.24775613893735,-205.87933331903417,-2598.3990601964697
229,0.7858711125525456,1.7945508804831034,-0.2969870604026489,171.9250999695659,-66.88216168951192,-840.9100585509659
230,0.7792978754258979,1.8264114155353082,-0.30677210575142333,171.32207856476015,-64.52812800628948,-837.1898246570337
231,0.7675604129917626,1.8454454571814054,-0.31241769196721547,169.10654991155383,-62.0077778465278,-830.5547649934463
232,0.7661933152583196,1.8732675802284706,-0.2867893870284733,170.48587663090998,-61.792370304233486,-845.177253330424
233,0.7669206320922273,1.882371672218002,-0.2934654654540896,168.16701554895616,-61.122353725581306,-843.4732719273279
234,0.7463066816806488,1.8853571325905862,-0.29703255892435987,164.8670489436373,-59.633386392638286,-835.445775213104
235,0.7478785566897592,1.9085392864334305,-0.2987761756263803,164.1359792581623,-59.27361806315283,-843.1838543987988
236,0.7427067668077346,1.8990981774757534,-0.2962057457581824,160.9330304445594,-58.18594776870418,-839.9024346614648
237,0.7191037669538416,1.8994658488832343,-0.29014672713145523,158.28474732579272,-56.461423024464814,-835.0263318665045
238,0.7046846468822409,1.9205553216091829,-0.2861613209348295,156.66659773079962,-55.512603101278394,-837.7232708145615
239,0.6994644776165486,1.9263161993431053,-0.2644688910976826,155.28128732826212,-54.519372497375215,-839.7556728036304
240,0.6934899512178463,1.9596005417447777,-0.25407000247214395,153.5646118689677,-52.8481316611615,-838.7174235373569
241,0.685264335757047,1.9728144064084607,-0.28992053910537974,149.7057154599952,-49.80226002849511,-821.8479171495279
242,-2.588697443351795,0.7978429861013527,0.9006757727457686,-146.40156023963712,48.106413954163976,809.777518349313
243,0.6629895385663936,2.017489087363417,-0.23530414672865846,149.14487614999385,-45.47489783302677,-837.9011099448719
244,0.6621480308571043,2.035420504298762,-0.23094076600394803,147.00356700860314,-42.8746122527426,-832.1611621617276
245,0.63273260953611,2.0201378087843924,-0.20690407192640162,144.44235437760548,-40.071108486123734,-823.5722632607917
246,-2.65571928952471,0.7434030786296595,0.9259279653384864,-141.7974622334245,39.447790062216534,809.7037631616223
247,-2.663813643722742,0.7404648069968389,0.9338901668950799,-140.1959396744806,37.67032861882007,810.1649428814922
248,-2.672189657313036,0.7441107070313786,0.9252270943556372,-139.08366322719593,36.6499732798694,812.1583089051217
249,-2.6802066065681323,0.7271620336227507,0.9558173603266402,-138.04592261345434,35.67070136768772,811.335099959833
250,-2.6854642347167252,0.7255485482311824,0.928250889996591,-136.5157182449177,35.17624194703739,812.0396746725285
251,-2.690230503623303,0.7192513706780479,0.9560515609576358,-135.89878104951464,34.46331418478771,815.807617971554
252,-2.700016686495553,0.706746631615683,0.9577229868685135,-134.58335426074845,33.70196169971252,812.4061658573187
253,-2.7012672488720395,0.7153347619601106,0.9588530763106337,-134.30171952614836,33.55506350388438,820.4331574531237
254,-2.698785779314315,0.697702855386475,0.9468733757108354,-132.3004341644252,33.04054932275034,813.9367901340996
255,-2.706763418896896,0.6943529735989723,0.9750656648428297,-131.67148269730683,32.52442706268681,819.4639200821364
256,-2.71201306868105,0.6942029939024001,0.9524472075272548,-130.69771950959986,32.410288299892166,819.8949341417615
257,-2.7227777045035646,0.691038100834858,0.952457796783536,-129.30163210992862,31.73094607530649,817.7105783217819
258,-2.7234168612619234,0.6806416598842371,0.9576186104006074,-128.53254869091242,31.717451798780022,819.2438469000741
259,-2.7375719351718812,0.6770799336804821,0.9505354439378996,-127.80717426386981,31.044845663255916,822.2709772698064
260,-2.7260444794065797,0.6658570624847671,0.9466106986777706,-126.69997634034335,31.072345980995333,820.4281855464393
261,-2.724163779882194,0.670405078323614,0.9295447021103553,-125.56594367793856,31.105492654127328,819.7165357721467
262,-2.726815094586278,0.666608749845243,0.9420510348799007,-125.14957402965952,30.728918883084162,821.5326431861023
263,-2.7320458296587318,0.6658048966728194,0.9404472023087288,-124.07635896678211,30.36012546799952,821.0030874717419
264,-2.7412173442905505,0.6695096076561585,0.9193467932264039,-123.51906738341687,29.92505472774705,823.5561711598888
265,-2.74777690398623,0.6657077442506695,0.9111933040010951,-122.77294850701419,29.614564654313057,824.1486471902982
266,-2.745998050364281,0.6614127415029694,0.9039408610681761,-121.97673534006094,29.479822102703555,826.6560305289912
267,-2.741899407003799,0.6569224787286885,0.8864463846488492,-121.03266611440915,29.360808552121004,825.1232891100763
268,-2.7486660242525884,0.6550485016230421,0.9029374196188847,-121.05907545961148,29.373012393318447,828.0889470622772
269,-2.7498438894623587,0.652943921187903,0.8964808198626524,-119.86908735424983,29.064779525752698,825.3590842773805
270,-2.7519937874260734,0.6520003074058265,0.880846993790488,-119.91993532212517,29.0807714257509,830.5645063795691
271,-2.75513037769723,0.6542344556260618,0.875879063019022,-119.14216167132096,28.938575476388326,829.5674017715537
272,-2.7622131744858027,0.6512458560774245,0.8722622772299007,-119.03947027183112,28.80648094498536,831.2742720333038
273,-2.7561322580175593,0.6474867899808341,0.8749314143692062,-118.11993284804205,28.546547252824148,829.9130562079432
274,-2.759679240344239,0.643762219638918,0.8704455592130275,-117.69039868419415,28.51063826527319,830.1724966431206
275,-2.7616325201424345,0.6434630252835594,0.8539253915900686,-117.16551083271533,28.318203746835398,833.179852309288
276,-2.7701293202515913,0.6389254112568595,0.8696558057859788,-116.77403105020261,27.653567179162067,829.6746856486202
277,-2.767590257039167,0.6369863483082943,0.8611269647395003,-116.26422517739861,27.424747413629596,828.3656320512807
278,-2.767584185724328,0.6317683699874692,0.8533981071228797,-115.81942730369916,27.12954159723176,828.73685265928
279,-2.772576338391649,0.6279449139813186,0.8474915532666689,-115.60873608085038,26.88893722271765,826.7168711803691
280,-2.770199479406378,0.623695971494403,0.8545164043216308,-115.90192123764506,26.556876865198436,826.2637794874926
281,-2.7764669994856748,0.6236922962981796,0.8559878583783476,-115.84369183314786,26.19627868036187,827.555886442396
282,-2.7795100862467144,0.6211631423657111,0.8573267009429005,-116.1921239714457,26.189868112614146,828.0761731968764
283,-2.7602120357990825,0.6220529159268301,0.8522540881801255,-117.65744052569677,26.984186156873694,837.6152067545945
284,-2.823939632622665,0.6399498295647232,0.8243464560932993,-119.09708673385309,27.119907550352462,858.7304388960127
285,-2.8336116184816307,0.6339594169397951,0.8356846938660719,-119.7065733216121,27.116262514994627,867.836116679904
286,-2.834922712790094,0.621293454126785,0.7996661356580035,-118.88373220795428,26.851756091830868,868.3822460020051
287,-2.8329809223477445,0.6020492695703656,0.766833283528824,-117.37400450312978,25.48839201666777,864.2117054982482
288,-2.839832637195659,0.5452371261620055,0.7448698100339906,-113.51075543616709,22.597356244804264,848.5149581015974
289,-2.866839450091955,0.4789835413592124,0.6837430225783797,-109.01244674189077,17.72473223879899,837.4259345593713
290,-2.936176455606112,0.37669943737712047,0.5776961945786372,-103.46134458740572,10.277015823206211,830.5587208627163
291,-3.0260470079256137,0.25060650794233447,0.48058176281653797,-97.03608345706114,1.1946159796164137,830.6801974249298
292,-3.0775643102798607,0.10695164697966779,0.3503063978402404,-90.2173650012147,-6.34736028738276,831.1231151533223
293,-3.1129010511474644,-0.008033543988419439,0.22340568285588439,-84.29650705715471,-10.815040405390576,845.8153393807527
294,-3.131431890054592,-0.07772183373709737,0.15655977686735714,-80.71178155540888,-12.018996140205626,848.1019882940188
295,-3.1406546944231715,-0.12960289485604462,0.19036183374780893,-79.83976031079216,-12.787942358630444,843.1880808049851
296,-3.1557233133132954,-0.13991190607688786,0.19913685410347157,-79.87236049113298,-13.080227151325854,831.6330906745904
297,-3.191203882919299,-0.12139907715159666,0.23624218832386515,-76.91128575089844,-12.730754892416638,782.8761877674881
298,-3.192558384249276,-0.10139022838834169,0.2382305804047608,-78.26337890108834,-12.598366030546586,779.8636737126387
299,-3.184097317766985,-0.08346549429805877,0.21674749467086935,-80.98457393658586,-13.018063119438606,793.9506738825916
300,-3.1669157943315405,-0.06397674026916435,0.1951512381238603,-82.68076340189884,-12.628022660765112,801.3846914305311
301,-3.1656584565531465,-0.057290540369460935,0.20602636834091112,-83.0729475858783,-12.218004842878527,794.389173528665
302,-3.166142418102564,-0.057114909603595256,0.207870071691351,-83.79711924686409,-12.089140995071487,789.5956825544376
303,-3.162947567686362,-0.046062295279717426,0.20399175640408998,-84.72974256149112,-11.8687730467191,790.5938679259198
304,-3.1540285958994843,-0.024437425285163225,0.2146600453677515,-85.38657883257589,-10.474644580736747,788.5469348947056
305,-3.1346688234692266,-0.013585837411437632,0.1906730290872558,-86.9242770313878,-7.929703691915821,797.3555825497556
306,-3.0947720198978055,0.012004480476630507,0.1730598469800783,-89.23285249945681,-3.29133577840105,814.8728683463947
307,-3.035065073115672,0.020586563361642753,0.13349639531499824,-91.32625837881467,3.1151352243529624,826.2451218306686
308,-2.9630213720718697,0.024306068954911962,0.11178174497309226,-92.36515638371725,8.89078768088682,823.4119980398326
309,-2.975964511626808,0.0383471927919659,0.15096281115060914,-94.13393920747832,10.131172323536617,818.2403414383682
310,-2.945382850057177,0.04349236699811655,0.1428269746803499,-94.8012537080664,10.861206671696056,813.2809738015006
311,-2.9662400925577685,0.05229128201015911,0.14779820275667852,-94.96683542920475,8.738882733268486,804.8447981930276
312,-2.963439423230127,0.06543322446908706,0.13940983219084316,-95.63048477071939,7.978593692687562,799.8220164626508
313,-2.96786515716511,0.07368287082641674,0.1656739751876818,-97.2483373606045,8.042251553986945,801.3098559709671
314,-2.9463852095823717,0.07545230331361641,0.15910455845641694,-98.79974014962079,9.348482253890102,804.7070741582661
315,-2.925367713430865,0.090678853973155,0.17961686468123664,-101.58344680726827,12.021046847973349,813.2062111477137
316,-2.876581920391176,0.1025900560851686,0.1754843881250857,-105.4446267635884,18.46905328447289,826.2923420988259
317,-2.8140288970601652,0.1506355543923011,0.24338241472433522,-109.98004827043779,26.828288636636906,827.5750810496472
318,-2.7417424656470373,0.1867522736502456,0.319221638282816,-115.15317730506507,35.968174571299905,815.7826208715809
319,-2.7213739412299467,0.23368960247880283,0.45976889821066913,-126.27819871077872,45.04467859193454,834.1035466411314
320,-2.6830129215634697,0.26975448180590966,0.5851356203425987,-134.14003667758732,51.938476337492595,831.4462680020172
321,-2.6329255392368145,0.31379342603571214,0.6336919713035979,-142.36403623407608,57.94125160058674,843.2644263151807
322,-2.627074004090677,0.3396169875851575,0.689698989229187,-147.22578844604033,61.03207522368381,850.2367414142552
323,-2.615359422923386,0.36318565526307833,0.7139913133094551,-149.90262733123444,62.58619643540638,842.4313661308536
324,-2.590223597187544,0.38078950595509425,0.7427868257535689,-151.63678727679607,63.06186034193141,832.2554532421959
325,0.39856429679330385,2.1489282055304333,-0.5527600293696804,163.04816409958778,-66.09648679148036,-883.5807792323042
326,-2.5504418030415237,0.4083088142150299,0.7103650629057731,-157.88187142762646,65.89902899951298,830.1203545128774
327,0.42576123748683126,2.1138031872683576,-0.5998710682956815,168.39633459217052,-69.08823928554357,-874.5946880323175
328,0.4239123130596459,2.094694924745206,-0.6049359717803798,170.11168527909476,-69.78378313643555,-871.6756836822763
329,0.42438383952129555,2.097979915945269,-0.5852074605643344,172.2992621111169,-70.11087524350579,-877.634723339047
330,0.40866198371614787,2.093610293768114,-0.5968461086855056,170.39816498422982,-69.30497760314191,-866.9424231613827
331,0.420204298043689,2.1134889961638823,-0.6189778751991833,171.22752651749468,-70.16862262448268,-874.4935516684537
332,0.4131548821134539,2.1268265561000574,-0.6014367204860566,169.7944600096391,-69.76808179415518,-874.4348937424924
333,0.4178009194682461,2.1389757155138316,-0.6056575392902812,167.81339694553128,-69.26332864289631,-869.7111018640022
334,0.4205053540604549,2.127703012710759,-0.6080844795553425,166.17382511173116,-69.67382669389622,-867.7677658878067
335,0.4287210624538431,2.1338533572541287,-0.6228765821861166,164.79913858340373,-69.16649249491657,-865.7026878107124
336,0.4201016072010679,2.1315931957481564,-0.597619753290456,165.00099456702821,-68.96192800360076,-871.0629248202083
337,0.4193071243762228,2.121654439952341,-0.582453591190289,164.934237664685,-68.91231144968802,-871.6752448192556
338,0.42710058602912,2.11998691277354,-0.6112353562244118,163.1409738426154,-69.31091768773874,-863.779877272151
339,0.4348406011604301,2.0860049180297615,-0.5533103178057808,167.62946816388168,-71.61524172753974,-883.5921480204714
340,-2.4967722189674055,0.4625008490711489,0.7606269125456939,-160.9874929124578,71.47019926289272,825.5312566898879
341,-2.4831233588524118,0.509013647488983,0.8272524949430805,-170.30671810879784,74.44068386207607,844.0872588265689
342,0.5242350815102779,1.9148342869637491,-0.5828555562147103,184.7729059354659,-78.00729082200037,-871.7008203281448
343,-2.9510063642844853,-9.692810076753133,2.9131191567132424,190.58813498785125,-78.31057153278809,-845.8377694176253
344,0.727829027037639,2.152509942237614,-0.251959320289091,457.8827220718315,-188.03251355429828,-2050.5106007949316
345,0.6215497267337093,1.7128784709525258,-0.4627685854382834,206.41645801258196,-81.38245239671122,-812.0050129464875
346,1.0274138536843,3.481203225097608,0.36559520763358533,241.74091883466505,-86.84108037343209,-1015.8070051314633
347,9.564660730597327,26.900327170369458,-1.5298450759363966,470.4261290446008,-189.41109538778326,-1853.4113878244557
348,0.9921080744657225,2.2901485914417883,-0.2948175232285766,724.0920690647341,-310.9337546445605,-2713.2288364151536
349,0.8513263215501088,1.5523220514263236,-0.5544783519294371,223.86765480802748,-100.08980513126757,-762.773377232525
350,-1.438150905275811,0.9705290863258554,-1.855398719935056,26.296562062272173,-2.7954585304674278,-28.441743267931532
351,-1.4161177300482628,1.030777114373729,-1.902325101938783,26.30637290873859,-4.303069492533529,-28.267163287551547
352,-1.3128975510543042,1.2916425561746054,-2.0934079573253674,24.339829013284383,-11.219672154261193,-28.313976222991588
353,0.9414443004174702,1.4645213747447339,-0.43063688543074796,235.5346588571423,-118.8149275955322,-790.2681633412061
354,1.1160881569535592,1.8905561515332654,-0.20500453815623237,519.2301806609485,-264.5227642140561,-1884.856179977494
355,-1.4686387090229385,0.9013881533128023,-1.793643491438471,26.02110065715596,-0.9978902436679252,-28.580543075687963
356,-2.1284213169496957,0.7645654502366054,-2.064402402509366,3.2013889309223695,-5.18268259622364,-4.852001377878786
357,-2.0455985404726533,1.40767171110947,-2.3597152990355696,0.6423646900533507,-2.9124006487272305,-3.3132616010380547
358,-41.88905422409469,-70.91738050944542,24.53752704437507,1063.563968127141,-550.7807690313145,-4686.23090759906
359,0.7684474008439798,1.8735905396484402,-0.25521602691809514,182.87784569104474,-83.55156249270648,-812.4160704976962
360,-2.8103391331764813,0.9115443577170385,0.8047462325649806,-161.29364859773108,65.00010029126564,805.1700722127433
361,-2.94017475711008,0.8035442299435619,0.679639407230738,-135.10262057426948,45.75176126442169,794.671030738714
362,-3.0305099429328273,0.6891683718710134,0.5761281055888238,-110.21785496629379,31.068340980523015,787.9634879285991
363,-3.0681203240653665,0.6072534967666926,0.4264885085780079,-87.85697854635738,21.406391030481636,803.852762514749
364,-3.070713835049702,0.5361888504279684,0.4153641656732838,-70.38613447975773,15.999728584249869,814.152717882219
365,-3.081793907554182,0.4745790391974311,0.40334833086809835,-56.3164624459029,13.225484269270634,824.1570138199768
366,-3.086057019123499,0.40757786652868844,0.43726080341123413,-45.40224288440424,11.61597267373638,829.1257027748293
367,-3.06460054823781,0.37514980844826407,0.4652295981298969,-35.489264683656245,10.589954796617674,834.3537607741505
368,-3.069532470843045,0.3315531857253279,0.4761952751450725,-26.726973326198088,9.24133005222258,842.4372869330483
369,-3.0561214631266527,0.314513242813704,0.4440159800897879,-18.10921343079748,8.938863164941305,850.8102758330908
370,-3.0952040555187246,0.29087808479787214,0.47948046270128236,-11.607957490230685,6.914385567829848,858.148741062054
371,-3.101434276162642,0.2639712158590442,0.5248440346918976,-6.121752853389431,6.194930425633996,860.2122153141249
372,-3.116152145296804,0.2540680626332362,0.5070416652237841,-0.8242611539564361,6.712114472998588,858.1687300977368
373,-3.0903829699035152,0.24394905887521265,0.4786777555273204,3.888038807870503,8.748209108457505,859.5946108727281
374,-3.086534536892565,0.21537537546283775,0.5042122655732845,6.125279712685788,9.233366273705279,863.0522261889967
375,-3.1113150220497356,0.210010375928585,0.5100264709525976,7.62253316085495,7.855296401445078,868.3932254699646
376,-3.1307369156979785,0.20696824441317804,0.474339638311822,7.926033497524564,6.491598423181246,872.0970790957399
377,-3.144538120610926,0.20810780172430512,0.4806499425403152,6.912201238181836,4.606528072274628,866.3246771904633
378,-3.1244191225145213,0.20907040039180608,0.5247915051970407,4.492422596287385,3.2866370630435,870.6189822527139
379,-3.1351533533889664,0.2060550167304073,0.5393604827248448,1.5843709293729669,1.2121453002252864,866.3903956572761
380,-3.1464625445739336,0.201004373528329,0.5474452701197265,-2.149773864486399,-1.1931353132884193,864.581411321953
381,-3.131918473982966,0.20031789208361722,0.5462863050928106,-6.356166296964085,-2.0420879114383745,861.3846091296754
382,-3.11072665050944,0.2003561524490182,0.5083071100752665,-10.364921913203005,-1.981449513135939,865.0245946323643
383,-3.107096241212142,0.19043494080371168,0.5065549797984833,-15.046479931269799,-1.4316894264416098,864.5648584021719
384,-3.1126212908215822,0.18549505692077115,0.48598413258423623,-19.875250130431212,-0.37987897172217744,861.379126260542
385,-3.0824337161643056,0.15976484801201774,0.4819217085276212,-24.827263760189453,0.8476888855405923,858.6161292877115
386,-3.0838712627432376,0.14637270513538,0.4671959268777967,-30.790777949637047,2.129376815686422,858.669098891596
387,-3.0822655924948394,0.1289792617974651,0.47160607002759025,-37.37876590523105,1.5129550952494868,856.7747437275153
388,-3.077228641914202,0.11457213943552502,0.45634098781989935,-44.05239666205035,0.9689696611446278,856.5842215886482
389,-3.0670173556970672,0.11237255697560788,0.46531431709479865,-50.7529334144437,0.07999587646974744,855.0216463547046
390,-3.0573386597561214,0.105867132147336,0.4352793811753245,-56.78908215486729,-0.47456065648690665,855.6113061879199
391,-3.0611090376132157,0.1060810616522779,0.44032385233131865,-63.16433040726351,-1.3413825573162148,855.6057992283713
392,-3.047128573369552,0.10397814292150552,0.43479245000818617,-68.98652243884854,-1.772871255138672,854.8537156516901
393,-3.0526357145977263,0.10632965256833989,0.45002816259422707,-74.81507413097526,-2.459289321047619,852.2917889592867
394,-3.0688644968935916,0.11389575221606774,0.426932201215948,-79.96524468647482,-2.926489581432005,855.3957839147178
395,-3.0521634414282,0.11502851084136853,0.39656364456258525,-84.16510743598317,-2.9639011005600504,855.0193420000834
396,-3.0871785036699615,0.12684762141048644,0.3738647921695736,-87.88059557154232,-4.023503084738064,858.7334129549254
397,-3.065686682712938,0.13330614862098053,0.37349971306643953,-90.08598891320763,-4.391002502567173,856.1571926779259
398,-3.0829726269925652,0.12928801640439702,0.40637119960005796,-91.6418777430684,-5.128192593719939,854.1950369501249
399,-3.0568499995615466,0.13270028649900809,0.4439196641790928,-94.32877326496545,-4.918629021297966,856.8222286587797
400,-3.04289099762109,0.1262267520685147,0.4247031220268422,-94.66963167521207,-4.525690043628758,852.0656701170772
401,-3.034687716583133,0.12422321414403967,0.47383904466287535,-96.31608276461867,-4.1042531261233295,855.79177273301
402,-3.0332672902325197,0.1427891746091579,0.4928273426770175,-96.70202685237297,-3.6907618977933976,857.3411239036188
403,-3.023945421006752,0.14770780652569815,0.52133069965827,-94.92487190897643,-2.7770867340378365,855.6188650796284
404,-3.0056134767509533,0.1568721258032213,0.5276654159351016,-92.55062590217965,-1.4378446997459835,857.5217864462534
405,-3.0089003979137945,0.1603702058250899,0.53553888917728,-89.44359946394106,-0.5487963460357935,862.6925375083509
406,-3.0036559935793847,0.15956870974360618,0.533714701288283,-85.1772779399026,0.39547575379156663,864.7397261390894
407,-2.9943445906004302,0.16019895136582032,0.5538706345191642,-80.9494643950707,1.4323868681105119,867.0384361958035
408,-2.9956848007384065,0.16652315193739567,0.5316608515177488,-75.31093288059145,3.014617527218714,870.6842237337481
409,-2.9698790907264576,0.1891424862471249,0.5428852922398164,-69.57284783474755,5.4011976054647315,871.6689350359181
410,-2.9482878841333657,0.195915055892854,0.5542402596413791,-64.15498918839263,8.659439256651265,876.3941248747471
411,-2.934555865105704,0.19938885007920756,0.5681688259610832,-58.685864792183764,12.11494997979801,876.8584968679951
412,-2.929154995185973,0.20735950084271537,0.579282711231447,-53.464596901712156,15.393714808128973,875.8584345602045
413,-2.9389261283233292,0.20560957582059886,0.5868300798448574,-48.46450596847077,17.804006150419475,877.8042440294388
414,-2.9245024989779664,0.2048045983489219,0.5857286095238098,-44.91338487009535,20.072965374665053,883.4176088092531
415,-2.893869328424718,0.21993592430297598,0.5991252094434013,-41.252461992858464,21.90409820788186,887.6523129305907
416,-2.889189305807872,0.21811258047111812,0.5684732903045568,-37.931276680870305,23.24898090835735,892.1585579722889
417,-2.854018367749021,0.23525150587475277,0.5578760791134644,-34.787457736276075,25.643390380251777,889.485964070966
418,-2.8300313097134184,0.24356140271630555,0.5268640373250392,-32.04424882828273,28.6938382741045,893.7455120729319
419,3.34166217375146,-0.2876944490003509,-0.6062108956111822,-30.386434259116456,30.40176453179935,895.2622235483243
420,3.3289592553092344,-0.27314543607628977,-0.5955440724719121,-29.961568917498735,29.49243913700183,900.3868089296784
421,-2.843166278186808,0.2090028748387699,0.49650659514952383,-29.957952789807244,27.07210731069352,898.016841583636
422,3.3126358981717354,-0.23348647150687013,-0.5803610489505928,-30.155105218084795,25.079911203885125,898.348745725729
423,3.331116047369724,-0.24001276058504095,-0.553334419513941,-29.641540212658285,25.3455904929159,900.0588230567466
424,3.3671810227545347,-0.23258728015892857,-0.4905033527173118,-29.033008367720274,28.18768896273103,910.5176665182985
425,3.4177930201333084,-0.24051995547518018,-0.44927073282970226,-29.37568576228062,30.132345174165163,906.9868057096413
426,3.4147079767523936,-0.2468031902520806,-0.4468486774192351,-30.570162688774246,29.26317247103755,903.3915625799846
427,-2.8145570955415313,0.18806035348087785,0.4072615089447024,-31.70882548943897,26.950489592020222,902.6405326285889
428,-2.823252873456221,0.18055212586642055,0.3937290840831074,-31.855572180207574,24.623610493550423,898.1462197197036
429,-2.8416871986675196,0.189013177356963,0.4335224255742461,-31.80730220887246,22.857583833485165,895.0238502636872
430,-2.886636484204676,0.17859344640732439,0.4230942850017413,-31.2069820926165,21.577483974376612,898.604110809611
431,-2.92410632065102,0.16607269970441715,0.3953290243547119,-30.117027202448014,20.455564841516964,901.3543313434378
432,-2.942758781105186,0.1615261658427738,0.40027936031876654,-29.356404478434328,19.930006014838103,904.0464198382042
433,3.275768775756502,-0.18063995498627053,-0.4233215633723952,-27.885791568132205,20.67067785818103,899.722100999503
434,-2.9503212875288587,0.16286713642922437,0.3482930006254608,-25.652773610479112,22.31398460869684,902.6469292604943
435,-2.9566295077173312,0.14898606561171956,0.33590679925595013,-23.82534217462769,24.31526405939654,907.5624104705521
436,3.3117838510536894,-0.15518065050242286,-0.28221418812511184,-19.943854563073362,27.274506022462408,909.8313715632935
437,-2.880787030539362,0.11521828758861792,0.1790287737127374,-16.049325723493904,30.251434357474785,901.9443733299945
438,-2.8476891467201315,0.06812721875229333,0.12059822158958258,-12.563983883989561,32.235206737638556,907.4127513299817
439,-2.814663491045597,0.02961198594076873,0.0672368206268062,-10.01446304446877,33.25805951194041,902.7809041043848
440,-2.8195883074306516,-0.008808767883630142,0.043146419817763716,-8.597960544686071,32.90501194598913,901.7553349736588
441,-2.817777336959555,-0.040283173384837875,0.0207948905953051,-7.696054883809616,32.27201015962772,897.0513781001534
442,-2.8318096149415077,-0.05576201914889164,0.034001423188895104,-8.25246165804075,31.97235520451609,899.3070593136791
443,-2.833041510029149,-0.0564975797459282,0.030819775808673528,-9.007619178759864,32.23706851829165,896.8608360764975
444,-2.8306930457865693,-0.0518650999268548,0.019144702431511677,-9.96762748290286,33.086498212694295,895.4775872899744
445,-2.814252132543369,-0.037156136615567804,0.002194363682729068,-11.169168372621433,33.399672520729396,882.6893432323744
446,-2.7904637589289925,-0.030670835037047955,-0.002426974365828276,-12.747710340255871,34.338445411981,877.4578818673282
447,-2.7567090609689213,-0.012576179164086917,0.02054501125743883,-14.250328873520683,34.97579390418989,868.7962403307945
448,-2.7485339035963214,0.0012341114614916125,-0.0016316526835822914,-15.209915699984368,35.07402733402459,859.411571290085
449,-2.7098331390127783,0.015802473009017663,0.015542136535704788,-16.309592615282032,35.22124018017532,846.9593044619376
450,-2.707726304552571,0.04260263290392256,0.033142370974019814,-17.587576978096173,34.68559287863,843.6873206336405
451,-2.6987225661819667,0.05596360181302263,0.027570348264294848,-19.078722143379355,33.85828756233836,834.8086793837467
452,-2.688214042379534,0.0722148431507339,0.024268312505242123,-20.31502559446946,32.81291133379986,822.1317166462712
453,-2.6666389621008917,0.08192090742519963,0.02494805828949539,-21.74268061946067,31.993451080568008,811.2109474180538
454,-2.659079295484437,0.08700002407075644,0.02560678709292511,-23.1430034870993,31.03688143031209,803.4291771828107
455,-2.6626136344223474,0.08469269623687753,0.003871413273834119,-23.72215734748986,30.303862122208603,798.0916563138744
456,-2.6526596754780947,0.08456297111966576,0.011956585624853005,-25.076312070544244,30.18591996965256,789.2345787005555
457,-2.640397091068622,0.07944902540525496,0.001675242084556038,-25.332061063931747,30.13780969876659,777.2130492566729
458,-2.627740945383596,0.0763742032514105,0.0011051260274088036,-26.195611970011704,30.543102841177273,769.1096063655772
459,-2.6242328492384366,0.07281791532946127,0.004792526386569858,-27.09071101176777,31.16178105767999,762.3678301633532
460,-2.619157384662541,0.0688833036254517,-0.010407091419717107,-27.144978918495212,32.022801402346424,756.158198741754
461,-2.599740333175618,0.06350205381414403,-0.01005707531397013,-27.35946394922685,33.0441384212001,746.184171276369
462,-2.604131434920052,0.06647780992383501,-0.017229762463309838,-27.3484252347671,33.74498574637611,743.8929849880371
463,-2.6002272368807406,0.0698460422565908,-0.03050193805772551,-27.2410765764328,34.39602009467256,741.3801922078829
464,-2.5963669889255527,0.07285193688771906,-0.023827947585247835,-27.570959420750594,35.0466384252341,740.260367807976
465,-2.5880543268750684,0.0679822193895546,-0.0323396689983061,-27.612848383242646,35.56438703038642,734.6184129871709
466,-2.5803038152970545,0.0655547785156924,-0.05107892972839718,-27.640958270517345,35.426725503258325,735.41222002391
467,-2.5805002090184455,0.06725409027745419,-0.04229754702890974,-27.98661554810499,34.95561197067294,737.5603037004236
468,-2.5743938997271245,0.07543719283427222,-0.038166311257307094,-27.97779179346042,34.33072154819136,737.4070604962579
469,-2.5900632716828866,0.07714800469589332,-0.029207291375942586,-27.98903687992927,34.45719284044373,745.5511845083761
470,-2.5840295922904537,0.08359871675059842,-0.024453483484694026,-27.269543101920785,34.98883783757572,743.1055547602227
471,-2.5967075208572794,0.08440819361039557,-0.020202481120459508,-26.880455391460835,36.179908409151125,749.0647050202922
472,-2.593853197020407,0.08857520822422878,-0.01074609088067592,-26.106166995615666,37.77898844033903,746.4985391316358
473,-2.5884136612970328,0.08516176986136563,-0.0007561761635590951,-25.499346208076368,39.68486643716042,746.6197312627968
474,-2.5979317183004738,0.06911428979387516,-0.019191820962686387,-24.70542871634533,41.11787905050655,754.0965466505339
475,-2.594101891769336,0.06941216966663195,-0.025201358438938466,-24.447009749575926,41.57474362793921,750.9047154569936
476,-2.5844223601349987,0.06573776184891993,-0.028507115626907237,-24.61804556452165,41.52527985492177,752.5507982701699
477,-2.586481655770336,0.06595826270203636,-0.008856224276493992,-25.521265967158186,40.8526851937959,752.5940362894562
478,-2.570001602703023,0.0634030625304097,-0.01764947983085598,-26.194189891427925,40.126666508765794,748.4724211869118
479,-2.578483157288,0.06709978414721406,-0.005152685834898755,-27.62780135215175,39.65101717044512,752.3360783435172
480,3.70237302355032,-0.096098226958944,0.0171306415362284,-28.709408036397644,39.36690176666725,754.8164615172713
481,-2.5714367447599464,0.06896654282220745,-0.005121769608981549,-29.830823054745046,39.148416502356255,752.6481194661889
482,-2.5738018369477316,0.06615278040686177,-0.014428857180864585,-30.636017855803733,38.602514569134165,751.2711686507242
483,-2.5779054202389213,0.06560551828567145,-0.009181841559078027,-31.534029769313282,38.1401868585684,750.1265558403152
484,-2.5741075924107886,0.06581084245695538,-0.01417039386424942,-32.25041632856386,37.88691344927079,749.3743329517672
485,-2.5800422476371474,0.06370243184774915,-0.010881638870617327,-32.98963156718106,37.40560473102385,750.0243038980736
486,-2.5835147056238066,0.06691494507441383,-0.02551016077541576,-33.42020679514866,36.872168737345945,751.2121001504553
487,-2.583600738254367,0.06602294175073674,-0.031017664390545253,-34.00597814722342,36.22227507760082,753.231791720497
488,-2.5899877482581837,0.06511147993520465,-0.03200253931813793,-34.75186869029821,35.20018330344961,754.4816069236089
489,-2.57794457000255,0.06850008420362294,-0.011839631193668664,-36.29048414929158,34.326217331924965,751.0786205217128
490,-2.5871376045793055,0.061801288496743406,0.01994465606280542,-39.068405841710195,32.59234564884603,747.1081653442159
491,-2.6424053263362897,0.07159786708220436,0.09516339951343693,-44.63075755872025,28.746164312820458,756.9010533777513
492,-2.700379005433995,0.0951811197495217,0.2951549366373717,-56.21227299929966,25.301053190964712,772.1344466776427
493,3.408318819084139,-0.15528662011589742,-0.6468710422981244,-67.1041674136467,20.56499048266493,778.8475841184456
494,3.2478952435007815,-0.18632078578922193,-0.8704848919501769,-77.11588425445095,16.97322948550757,774.1812678027886
495,3.1074772919466525,-0.224082131332187,-1.060652228703982,-87.55814958840034,15.327306813489399,784.309647275796
496,3.023904252766564,-0.2318097419550525,-1.23181258304911,-98.50926033602325,14.446212056858762,788.8749748804294
497,0.19785455576704303,1.991544373763232,-0.08827981444381258,107.12256538318802,-15.112023318646974,-817.0568168767469
498,0.18657387180840604,1.9185494817191533,-0.11734508855430241,111.8695075178065,-16.109951274934925,-820.6210234127187
499,0.16497255412086753,1.8868698030591948,-0.10511889438744262,114.05640899888405,-15.82460433526189,-822.6292797884287
500,0.15634998064415023,1.8947633954088876,-0.07237494952127749,115.45438468918807,-15.082565908489991,-831.7430080068547
501,0.17711039890336946,1.9021840843917381,-0.07412995024993732,113.29166948920209,-15.697192726349309,-826.9695441742575
502,0.1797812648041331,1.8976007186526553,-0.08537558048588585,109.66191998429282,-15.337190247471916,-816.6598250603191
503,0.1778146600563784,1.9256005861208056,-0.07108379225264388,109.10700167443817,-15.369028434865086,-821.9276980595267
504,0.19217989993287443,1.939663975739895,-0.08291778229972638,105.8138861910934,-15.343825389093777,-819.3595492752634
505,0.23157395702981853,1.9722117221866473,-0.07714223207025525,103.73100360481479,-17.359252377226568,-845.2537383986066
506,2.885993957127179,-0.32777150545913547,-1.310481454485441,-96.00016124527797,16.683009129132486,827.0426791130876
507,2.957425769247003,-0.2791366126220893,-1.1345375387821375,-85.53781809358618,14.643147039178015,825.441924585463
508,3.1128275131614007,-0.26274446636909615,-0.8715675667424292,-71.34770680754913,12.340455367012945,822.2788811533794
509,-2.907865414976527,0.1983254407743537,0.5752966270995817,-55.67166652640781,11.262114071375166,814.1991517081645
510,-2.862741253363558,0.15065851951398698,0.37022935172210114,-43.01410788628131,11.42209426503627,810.6829692049013
511,-2.863841826969839,0.12206338385108514,0.28952075732573135,-36.866568109079864,10.613105580348531,808.4627852751468
512,-2.8831087067853534,0.08805377522172889,0.23703642968716068,-34.90021343325158,9.833404788919976,814.3619202308432
513,-2.9122467040132296,0.07246205297133632,0.22523570281816946,-36.06922684649419,9.045807061498907,815.7646467790371
514,-2.9577615906850934,0.06666902138448079,0.2562245245689276,-38.16270133953939,8.280012054567928,819.7127557612249
515,-2.9870440755831136,0.060045154869880026,0.2776244938616225,-39.588529085846275,7.569608105503433,819.2944808921377
516,-2.9675043237759895,0.050615285386121915,0.26914432049401243,-39.64244889677836,8.046990281346098,815.2988748310061
517,-2.9997755349547433,0.06328192479127923,0.23283166724296972,-39.251423853309596,6.386141649055267,821.7335484893435
518,-2.9896587574552527,0.05741464955878383,0.22503652277169509,-40.50314994701623,5.838302548983639,824.7186820771153
519,-3.0424045682420506,0.0609562465647248,0.2549935922198813,-43.299674811803996,3.2148128984915063,824.7242117548582
520,-3.0516247341222895,0.06014012817414924,0.28027247285588885,-47.24305320491018,2.3300318855248485,827.9268195121464
521,-3.0958090149599067,0.05866712306608869,0.31551212157775466,-51.580115451999326,0.48820578844410406,830.1340194894756
522,-3.0838964903593724,0.05679932354670205,0.30831686080687426,-54.63327851666911,-0.22989817479206717,830.5281646893102
523,-3.0842203720609267,0.06308053837678258,0.29495271599734696,-56.7244835205462,-0.9802981184625789,832.7403477314995
524,-3.0702911228343996,0.06811898140297523,0.2953383956131325,-58.514960859684095,-1.2812110111425756,833.4597577269329
525,-3.0660186601860513,0.07501707735922183,0.2863847441240741,-59.589371702706075,-1.218646102691293,833.3376744218951
526,-3.0515174612352736,0.07401216701704787,0.2714813756486786,-60.708021359479716,-0.9630280430807867,832.9512182755326
527,-3.0409501668884755,0.06428737898703908,0.28954803455578904,-62.32406924294203,-0.5925210663335391,833.4665131911263
528,-3.0425577856565926,0.06191109333310929,0.30257282075785413,-63.64009827531346,-0.20541714621224327,832.34026991153
529,-3.0491508460882373,0.05809307222659367,0.31443451669359457,-64.63369143235415,-0.18692998805327646,834.4380577456656
530,-3.0542296352301146,0.06025881269707074,0.3173405931853925,-65.1091723588778,-0.1814924477333235,834.3750854208216
531,-3.0510686926682955,0.06184047818971872,0.322406819886606,-65.26506438199227,0.1462270180204764,834.0628852985028
532,3.1844694038551395,-0.06872257634370425,-0.36879755458053914,-66.18505569429337,0.24669031139107092,840.486876579042
533,3.21898070631526,-0.06833937372606637,-0.40506866884612824,-67.06721194531518,1.3676056127464558,839.5310687323208
534,3.1967196395843605,-0.07194748762503589,-0.4734662853954014,-68.77810696532124,1.2795476388843783,838.0304810001752
535,3.195519107689234,-0.06919334679583047,-0.5407028670111507,-69.96876095666639,1.7448658312115437,830.7480708113704
536,3.1775432307590217,-0.07447968669485243,-0.586659532593357,-70.19853945422344,1.8265950054767568,829.8199982363601
537,3.167878800921125,-0.08313403624616512,-0.587237012366891,-70.03476324455667,2.5248820250603883,832.4918597674942
538,3.176759780782092,-0.09516954420155936,-0.603380758253803,-68.82097664555806,3.598858997399126,832.7142514878939
539,3.1737077306168815,-0.10678050529862211,-0.6242746901231382,-67.42364029106352,4.689083167352052,830.6645941631579
540,3.173961549183394,-0.1209608907450002,-0.6216729456915119,-66.0983843369213,5.931739517586014,834.0219775482748
541,3.207192670064349,-0.1274303876357578,-0.6129968414419185,-64.05770091017061,7.599366740697215,833.6898269556181
542,-2.956070046018552,0.11720576291494061,0.5286996375044263,-61.4627410437068,9.384293713176113,836.2443564809741
543,-2.963574091344754,0.11970855650035929,0.4698703914001896,-57.53964797246017,10.984375074186147,847.5105876804168
544,-2.9496608927076524,0.11470429722940538,0.3860968606967886,-52.578420214176525,12.960711524750385,851.5987463614881
545,-2.927566676961027,0.11396965098018083,0.3173975043142549,-47.5438589444956,14.1662450139773,846.7873684330274
546,-2.886025460775083,0.11364602077436205,0.2873563445530972,-43.63972769444136,16.38327975134439,838.4282834943366
547,-2.8585218109879222,0.10534915874711054,0.2617505665391082,-41.63847602960518,19.07123698444585,831.2912185373648
548,-2.8220562351393115,0.09356419171194771,0.24516160818970137,-41.17416196725931,23.339900885479754,828.6478697027899
549,-2.760758583685582,0.08090662153162112,0.1974536130923829,-40.97700167013616,28.447535037889764,819.5787957494947
550,-2.73272162876438,0.07301053119681904,0.2182729990033916,-43.338694183347904,32.791677703989,813.0468715398993
551,-2.69095661628999,0.07435927425379121,0.24782710133178212,-45.95979065050897,36.846727045597625,800.5960650613669
552,-2.6824725478481835,0.09025216628671202,0.31062368992822653,-50.01708961259919,40.09868604422003,794.6692625567487
553,-2.6643042701648985,0.10449415349972184,0.29922105124213455,-54.226621161499736,42.728347399916274,791.3911537920003
554,-2.6416629237422065,0.11807370386173069,0.3419036277725,-59.86329239277363,44.82742453936315,776.7957991284081
555,-2.610520580440809,0.12869992883874468,0.3125880631521583,-66.70270116571652,47.336733138740556,778.3658952576262
556,-2.5809766193177617,0.1467707343987304,0.31357138582436345,-75.07353949479929,48.714538785895726,773.2544978709118
557,-2.5902181462040903,0.15410940849820984,0.361925579268136,-86.43610077051154,50.057074086751996,773.373773422279
558,-2.5993908971902266,0.16289076256703935,0.4153219945356926,-98.61479236527984,50.80123210448048,774.6592674090639
559,-2.596895909165186,0.18262797825305263,0.456156244299427,-109.61787267714284,51.8363107219804,772.9824976965679
560,-2.5919520493662023,0.19951271842849078,0.47465277461945193,-120.66908062716529,52.55895134817241,771.3943114999121
561,-2.601354533139972,0.22588607726974363,0.4967041334650542,-132.62584141226827,53.16726325162259,776.7984522500767
562,-2.589282362304561,0.2310383277937661,0.48233252069474375,-140.87186784522746,53.209753504091324,766.9318750326557
563,-2.590128506236943,0.2145216323320012,0.4839991421377602,-150.40784752752893,52.65917637613435,762.5210335987207
564,-2.583023991677055,0.22247471030227728,0.4758762556277045,-158.7940518445667,52.05593378013788,753.2373352942591
565,-2.565528149715465,0.2258709722080136,0.4734273765264974,-167.59205195011936,51.656708445210654,748.6406160612448
566,-2.598543848889875,0.220985926099419,0.48867557299208747,-178.32613234725213,49.84618970150009,750.9124012377235
567,-2.5991230228106628,0.22635982019751458,0.48162739807111454,-185.3784594408066,48.43457302480858,739.35789433553
568,-2.6360280177542075,0.22276490573985477,0.4827730365595262,-197.0625523276306,47.569202218409814,749.6374007009182
569,-2.6536314510556855,0.22891374227760683,0.4613990442487049,-204.67126482262253,46.775741783799475,745.1741659271843
570,-2.641690648579469,0.2189223234637588,0.4542473853839879,-211.33716984914886,46.46199928828623,738.003280807774
571,-2.6683014785305166,0.22494818963708543,0.45864644829390305,-219.41128674224493,45.51832266424241,733.475536319519
572,-2.67205728999223,0.226490736818518,0.4672611828659836,-226.76621850167132,45.49405351496873,727.3721235137757
573,-2.639063893224277,0.20722639506608684,0.4205368742962773,-232.5264552135251,46.116228639933254,723.6757491061124
574,-2.6168732672550563,0.19879809233361362,0.4035312188417962,-237.3142710830288,47.39558864843179,718.2057764564572
575,-2.6172422179420622,0.19626250159935596,0.3831129456684687,-240.72931088689938,47.34446387512679,708.2422559315238
576,-2.629099718997217,0.19931798390261513,0.3956739000103437,-247.12460782755647,47.59789356768804,712.5679735798512
577,-2.619458254129219,0.17589180505036192,0.33460612843557236,-247.7860211901937,47.60152431558862,701.5307570662501
578,-2.5838469072094346,0.16955416857063219,0.2692366408730168,-245.7119361368239,48.11187287618208,688.0156997821479
579,-2.553793834983808,0.15366617759321094,0.21678388804867502,-242.9242026148807,48.92792480516474,677.3060100730429
580,-2.556964609706809,0.14933677249591684,0.1751530574705272,-239.16594456924997,49.50433377305763,670.654262457052
581,-2.529268111092736,0.1250560176217495,0.09500091729004576,-233.78156759493862,49.503625998842004,662.1052437043696
582,-2.497097860100818,0.10419613371872068,0.012191174612320383,-228.20453812020077,49.10277861872047,651.154139378951
583,-2.4848784661745005,0.08786505430288921,-0.06628376639034027,-224.71348761359872,48.5244485673604,645.7488317315094
584,-2.4734219332137575,0.05957039714058256,-0.10856906564254265,-224.64698568449097,48.31881322002526,645.1616041214096
585,-2.475253987619506,0.028158306424535044,-0.1643251514735364,-226.27623396374761,48.41269229210094,649.2542342518628
586,-2.4373386262922434,0.0115204451239465,-0.1911708658576808,-219.8111696861393,46.963060055081876,626.4635462574643
587,-2.4340393892393766,-0.0075297056722387545,-0.2117698228473726,-220.8407452697559,46.077750167125735,624.8363473963628
588,-2.425262163635849,-0.016112661165961398,-0.24824260457869654,-218.99935576745153,43.69137695264554,615.761955485619
589,-2.4180178582255576,-0.04362622632980161,-0.27135176160508306,-218.60050777776013,40.96913489310591,610.1577534181503
590,-2.415702137651874,-0.0799056478075597,-0.3056819087021977,-216.27323369480882,37.58906389473884,599.8651674267313
591,-2.435833303544413,-0.1347087968021109,-0.37171299580262296,-213.59340330661493,34.46554679018394,594.4371669505692
592,-2.4534561735524822,-0.14102756757749232,-0.49833147713656295,-210.14410411708963,32.49617612859744,606.3032387467277
593,-2.499254599445295,-0.13702176484319564,-0.6916712195427073,-206.78495562345532,30.532089714824586,632.3761713822826
594,-2.5847708822446864,-0.13131541076758654,-0.9436381167025872,-204.99982168542485,27.10200868228109,667.163713012762
595,-2.6115657154690375,-0.15907515318877027,-1.0899205232672768,-202.15525859678817,23.95923627894239,675.9862529020243
596,-2.617229796260962,-0.2393437217629589,-1.1223854942143028,-202.22170678668385,21.165453115670406,667.7785044341819
597,-2.6609206438641335,-0.2675965670529054,-1.050088060421016,-206.90961611086735,17.404859660363744,658.6007595142715
598,-2.716942960682366,-0.2885485894760827,-0.8381708255308883,-219.03174068028304,13.783898319996268,655.3125337932378
599,-2.793078944800324,-0.28610331961870644,-0.6485650348895803,-231.51797829163505,9.344515893636936,652.1474115374201
600,-2.82273090383719,-0.2760472758979353,-0.5304468026422431,-245.09275476845582,5.973715522997284,656.5533544384866
601,-2.8506549864238417,-0.2520879573489013,-0.4270857118882428,-256.26377567247437,3.4455444537268565,661.8839386064616
602,-2.8970364006254306,-0.1934134444487515,-0.402463473458799,-261.0900124259298,2.087563680765828,665.9057089231112
603,-2.840212806054416,-0.14722422946655023,-0.4579482052544768,-257.60997688554426,3.484779543249168,663.9599957315277
604,-2.8250535051013674,-0.09901277208408858,-0.5166742663678126,-256.5916451405026,3.6268349101754844,668.9762230375035
605,-2.775339148521057,-0.09442606871461576,-0.5337473966929396,-255.16882317225313,3.4665834937897135,667.8591399489007
606,-2.7735201911024,-0.09343078479756307,-0.5399086662761181,-255.3933869709934,2.2817840319605076,668.295743474273
607,-2.749496491848941,-0.09870692100291366,-0.5499491403034109,-256.3360683895415,2.0624251368412714,671.9257847004603
608,-2.760889421898493,-0.09330120306136853,-0.5715235502505729,-257.3771839366425,0.6872379725624737,677.7181799947817
609,-2.7468582083006736,-0.10047761686890373,-0.5628102893964468,-256.72972063524423,-0.6936610546016326,680.5727806914629
610,-2.740890089863403,-0.118607568743932,-0.5951555220473448,-254.92337682110002,-2.9690832703628143,684.346521859071
611,-2.754214515786824,-0.12324872448639455,-0.6192924118773063,-252.2101362419062,-5.59052575398243,688.1481119895703
612,-2.7620186115841556,-0.1423018530044577,-0.6048881049099731,-251.30628186766555,-7.515217833199354,696.3446447230749
613,-2.7628215351990706,-0.1508778852897801,-0.6341128419447973,-246.05245258851198,-8.617749195300165,697.6239203173022
614,-2.761859237967358,-0.1663060240531484,-0.7128580635346348,-241.09355502978298,-9.461907379065643,701.1673879760204
615,-2.7513467330328667,-0.1885920356531337,-0.7243707417864705,-235.31621546496402,-8.998092017525705,701.0006668515492
616,-2.754866641635152,-0.20434439034754995,-0.6967159783148775,-231.4346710961803,-7.9871241909952975,704.5772591256465
617,-2.7390722412796005,-0.2082809568011616,-0.7326266569185681,-225.7546457272829,-5.16536222130927,704.9969165409515
618,-2.7130662735789133,-0.2243156097819428,-0.7581480289765125,-224.8539926059497,-0.9485887971479378,719.1287834711954
619,-2.6313913053948013,-0.2330966723193851,-0.7332856514172774,-217.83048544563476,5.841959111746378,712.2545761529223
620,-2.6159350449007865,-0.231234107640124,-0.7414509985267833,-214.357247073988,10.390930651047888,714.8805552546611
621,-2.58050557686789,-0.2229140023304702,-0.7572875041190668,-209.67324245778255,14.262090278488337,711.4798193646521
622,-2.5487758110987926,-0.2104433008489618,-0.7641508231810384,-205.35490479572496,17.066053700191233,707.5534983977558
623,-2.5374707539567414,-0.2011670017142556,-0.7389431054965562,-201.7009843900338,18.714283485020296,701.3992434372924
624,-2.527039870009612,-0.2031881334557772,-0.7563470746219009,-197.19883710671795,19.82269676646016,694.5223178432472
625,-2.527557729091501,-0.19642259841783682,-0.7755686084950978,-195.9365629047443,21.017734172881656,698.2858050580749
626,-2.5309292927120115,-0.17904725602429064,-0.7787977784523286,-193.82352147394926,21.855342448249324,699.6220164136181
627,-2.526714915997935,-0.1828196693341096,-0.8002179237408618,-191.38761956812579,22.624428446639463,698.3045575549877
628,-2.5232686042362196,-0.16480267941719617,-0.7598091289750601,-188.99972594365505,22.446070194062326,696.2898772393416
629,-2.5186016167520013,-0.15910802279779135,-0.7601190330936747,-186.28006086536485,21.92388440034779,693.7441669807953
630,-2.534088863561053,-0.16538994515215077,-0.792624736317462,-185.78905958246463,20.81785429012631,702.0557250354129
631,-2.5420952267634025,-0.1619267091883534,-0.7873331601438995,-183.91058057079465,19.47107534024957,703.5329494928661
632,-2.557332834591874,-0.16364566000100214,-0.804149757159141,-181.1838779432084,18.079770809205172,706.8203688007542
633,-2.577185250605855,-0.16304914271782345,-0.8121988164414459,-178.02325969169385,16.765359017065897,709.649936169038
634,-2.584433742928439,-0.14971534120209815,-0.803463100783681,-173.82517419540918,16.10210686081807,712.6016809056129
635,-2.6024352731515874,-0.14254889322004924,-0.8159215291163943,-168.8381475167069,15.034694645496725,714.8287898404371
636,-2.5936801074727054,-0.1444480805044745,-0.8115422328067232,-162.63915085733674,14.481572310491948,712.3412367202835
637,-2.6049933050222536,-0.1520654695776097,-0.8087085008355513,-157.94513543731765,13.927030829015095,716.9561363020725
638,-2.6210928463440513,-0.1698182620679329,-0.8386171799637567,-150.8328961314328,13.061358327572426,715.197096701043
639,-2.6275478651213224,-0.1841798652308886,-0.8251298624037022,-145.37296084388652,12.028148940817081,717.3126719918004
640,-2.642908084249481,-0.19209827266844293,-0.8267626280356649,-138.087597123211,10.244302044223796,715.8148749800621
641,-2.6686665593385652,-0.18975350827477253,-0.8036778908566332,-133.25981316753575,8.16168827607619,717.9159746149884
642,-2.69290054805499,-0.18697065929564818,-0.8326761233929709,-127.75459571092678,6.737886877333429,719.00687029089
643,-2.694948293896084,-0.1964903750871477,-0.8626752946411617,-120.94534962333837,6.87802238176154,713.3038550497643
644,-2.6755094036567204,-0.2063186370410508,-0.8678283265897926,-117.6068017448324,9.601164822114768,723.069225519143
645,-2.677715507093833,-0.1699337348652969,-0.7936369203171784,-114.73154537806914,13.08449793935389,719.4920561460661
646,-2.6593801599020725,-0.15174257093563284,-0.7215202136380751,-112.48911780050106,17.240332064862386,718.3738922131693
647,-2.636624413359055,-0.13572901243469096,-0.6940348675555119,-111.56319048902992,21.985578515722924,715.4711805408455
648,-2.613801858565834,-0.12223443734854988,-0.6584869763251204,-110.03870812020442,25.25760198058556,705.9110256852478
649,-2.6070998139677224,-0.10231679198203306,-0.5881144881869097,-109.97817060499237,27.27452312201161,700.9178130665829
650,-2.6005454743503797,-0.10641066129805153,-0.525892144170759,-108.842061403843,28.7550627030118,695.3857776913609
651,-2.585508513229209,-0.10553206104474262,-0.47903164241592483,-105.83505841597477,29.623210127751257,687.9202552754858
652,-2.5807641556747174,-0.11049190276717906,-0.48105541747951647,-103.56852967403813,30.689495741308946,687.2735983928715
653,-2.581315376560798,-0.12031857995082587,-0.4934967525561554,-101.33545728533409,31.633126368251,689.4818258780826
654,-2.57912537795846,-0.12608853995163086,-0.4790350981123086,-99.37869213029519,32.186701757502675,689.3187960140925
655,-2.5684511538623065,-0.1299767627226703,-0.4658786928724003,-96.78196846290201,32.52158322864061,683.5687186095209
656,-2.56169923057151,-0.13267339085208066,-0.45981516109907883,-95.78364774898718,32.59472205765901,683.5113877059059
657,-2.563151484403111,-0.1281272385666244,-0.4411717004695375,-95.79406401691622,32.35266610719335,682.5905270266934
658,-2.5648943721100843,-0.12669846440027455,-0.42433577070685813,-95.52896705322263,31.859172317147564,678.9765525852706
659,-2.5598131390913217,-0.1304424597672152,-0.41368922639512373,-95.54383399729248,31.588642984179415,676.3640633073303
660,-2.5598497954243165,-0.12865774413706477,-0.426529041358129,-94.74818833025861,31.10722534030768,673.1465484762043
661,-2.5687764725547115,-0.12485141785453815,-0.40653625121609527,-94.46260364702408,30.367374071957787,671.660187642602
662,-2.5730119342093856,-0.11943592371539048,-0.4297295147942459,-93.57701958685307,30.114544516318666,674.0018846764259
663,-2.5744322211328963,-0.1148242975491981,-0.40220331765486195,-93.32801305486949,29.559961036212627,671.1252653972767
664,-2.5840531194829763,-0.12400805101550938,-0.37916570038678055,-94.59289842828798,28.900583542783483,671.4221930826159
665,-2.5916822163540862,-0.13543475209705289,-0.36766477245070545,-95.08171033668621,27.537986742159394,665.1231707519653
666,-2.6057839214246474,-0.14926360000040295,-0.3450790691998281,-96.37317994219094,26.04855434747928,664.5514350163126
667,-2.6184233917305213,-0.16511735452393242,-0.36520517171884037,-95.86220841091652,24.84639569463106,664.0560543456047
668,-2.6418326043208213,-0.15993728086681513,-0.38647858219571846,-94.65620701160334,23.520743487179942,663.6355619685397
669,-2.673025163102122,-0.16537694877308348,-0.41829516016574464,-93.00052783817256,22.385924984098796,665.3709432036802
670,-2.699785810895508,-0.15938717440056094,-0.4243218063086499,-92.19626881737483,21.80068493688184,667.1974800608584
671,-2.7096810470868995,-0.16440180918870537,-0.4792254945357507,-90.36324586324378,21.550962165090564,666.2466510453337
672,-2.7219346543071476,-0.15502107714326252,-0.4876787250421399,-89.47998249498755,21.276073074644255,668.5915873590039
673,-2.7378351285723403,-0.16248614168344838,-0.5166765732397746,-90.1643254776608,20.86293924050355,675.396351681978
674,-2.748036226913443,-0.16131323545748846,-0.48907929253598087,-91.20513003396773,20.79466893672044,676.9127943321339
675,-2.7364256739882538,-0.15050785403647812,-0.4572078484588585,-92.23720164574814,20.751172763568853,678.728557794727
676,-2.734998764048746,-0.14630067972480273,-0.44506713907718226,-92.86742955124633,20.268454181873828,678.5622748684821
677,-2.7436378296347423,-0.13637091059444936,-0.4119958291148166,-94.48216949898539,19.887135761472898,681.7386995948319
678,-2.715578022242382,-0.12980327685756357,-0.4166659011841147,-94.62932929075617,20.99860316391057,681.6021401537852
679,-2.681782786677686,-0.10395682619102614,-0.4020297458284142,-95.11258875388378,22.821696185136272,682.1291380272536
680,-2.6621536327327036,-0.08359767742118616,-0.3930791496903896,-96.36904312721457,23.93932701206368,688.2072871667232
681,-2.633374021202167,-0.05726534295642845,-0.3548583955961394,-95.90277019588443,24.047073313180128,679.6432627836613
682,-2.609699695055574,-0.048073398122926936,-0.33578158076254494,-95.77746646562291,23.414450901625603,675.5332054784893
683,-2.612106193977835,-0.04442820431219441,-0.32221668154812655,-96.47505522575035,22.719318972879883,677.8964795117515
684,-2.5987623047057262,-0.04554614728320054,-0.3130017926944888,-96.32319405613842,22.233271995815567,676.8939937944684
685,-2.6043084554695097,-0.03419142464251631,-0.3000953647806095,-96.0560819620275,21.495154217848114,679.461462351476
686,-2.604760419549092,-0.03274165780108146,-0.28915882067893417,-95.23369806299891,21.142103936021638,680.1467365667147
687,-2.6059414176029727,-0.03329062799433506,-0.278896036215817,-94.35197759664501,21.253879944143637,681.6574653161424
688,-2.5926801438658793,-0.03286607076000031,-0.2949859476511062,-92.09826764707243,21.84432388918268,679.5148945897952
689,-2.6031160154127604,-0.029977661923249518,-0.2768943338869887,-91.77363424762582,22.16533399285056,683.8768280614852
690,-2.5789423769294113,-0.03840892000372674,-0.2862219413179225,-89.87932481112318,22.544109127922695,682.522524197962
691,-2.5825119313516995,-0.042998415042764505,-0.26716416579348257,-89.08268889069288,22.74401536641607,681.5984779162154
692,-2.552664460956883,-0.038665816978936916,-0.2583047488208515,-86.5791182085761,23.548922797918195,671.7880373535453
693,-2.545820096150731,-0.03275977914665453,-0.2697636466132307,-85.19125490379531,24.256865541196944,672.9613375371481
694,-2.520204657613471,-0.04254047553105489,-0.2575985629165625,-84.62535776378847,25.370941857116136,670.4599425821533
695,-2.5085325924634296,-0.04919148267583283,-0.25021695131111416,-84.21452202333639,25.559311187452803,667.3957768247669
696,-2.5067476683743117,-0.047885912831742,-0.24054174770311756,-83.84290411593902,25.271791411052842,666.2545980048908
697,-2.521659934072889,-0.05006309762983243,-0.24203592034171598,-84.44291607505045,24.816880055748705,671.5372306713513
698,-2.529305429099787,-0.057240669532401166,-0.24298429259682633,-85.05540865835172,24.134667851591885,672.7752134849462
699,-2.526561816612881,-0.06409667375640424,-0.24849194319896276,-84.89718343426911,24.163030473200124,670.0933766457921
700,-2.516767698718155,-0.07119812365271276,-0.24152914204915574,-85.16012945885157,25.033508629979245,668.0581711612117
701,-2.5244816685835643,-0.07579568195832272,-0.24721496558405673,-86.11119029743202,25.810444924822324,674.825173849038
702,-2.512583708277615,-0.06767251949519378,-0.24282880072105528,-86.09307978087196,26.00051454008954,669.4162314007581
703,-2.523793049970687,-0.06351532968541565,-0.2361980936470117,-87.2986263842779,26.034748224883497,671.064774041548
704,-2.504601014884939,-0.06263004778204746,-0.232936709345794,-87.65260118252169,26.361502510332187,666.777686655596
705,-2.502318449842232,-0.05548283207220304,-0.22933756015127357,-88.08612126951938,26.79752984426016,666.8928546323467
706,-2.4961288868937377,-0.05037961624170039,-0.21476975265197146,-88.5081666843999,27.46841071551929,663.6861847889786
707,-2.485551998857654,-0.05064774869763595,-0.22279361690601385,-88.20846542362979,28.032635947946776,660.5948403208764
708,-2.481158856448477,-0.05282490566891493,-0.23218384118104937,-88.20093031259643,28.466925815751694,658.9027762003618
709,-2.4759932869501524,-0.05350019777771057,-0.22385007424876877,-88.769974139297,28.518747484366955,656.651385170633
710,-2.4710254680954193,-0.05456160607982085,-0.22186280053937518,-89.30926529837363,28.83762095938391,656.8823626221707
711,-2.488380026787344,-0.05434508493128024,-0.22300443830515207,-90.86447774509908,28.686860338853666,662.5809986056836
712,-2.481262746920201,-0.05179176010266653,-0.21218780575369187,-91.1680126205991,28.686797467737964,658.6243952934726
713,-2.4839053995250597,-0.0513255022040935,-0.2176700254268332,-91.71580105031694,28.76833840996122,659.3495693789636
714,-2.494831793607835,-0.04535941794618039,-0.19881444566914372,-92.61796294242448,28.893778057588634,658.8066783934789
715,-2.4886041994683623,-0.045384990733012255,-0.18469110834912775,-93.37931613063944,28.898664398193578,658.3529571355743
716,-2.4914794807339833,-0.04387219646568193,-0.18675023668215726,-94.01574823674915,29.040367770588166,658.8906915779162
717,-2.48275955281321,-0.0434030140176904,-0.18312354382078802,-94.0644498535382,29.213626558330873,656.4790999850865
718,-2.4794718341857367,-0.042997557343172156,-0.1855748115297472,-93.99720626238884,29.268641823015265,653.7243557347525
719,-2.4811269966828133,-0.03463442539679437,-0.17241910769963187,-94.39073862460604,29.725603130610562,652.9100126370121
720,-2.484181613229971,-0.035995628180713765,-0.17221872104727745,-95.23889656560522,29.89603174278445,655.0120553155587
721,-2.482280990723866,-0.02772338877456539,-0.16282218324146908,-95.27432343801341,30.179147147238414,653.563273613736
722,-2.491764356255737,-0.020977248674120586,-0.1483980440894839,-96.64163764916592,30.200302280925605,658.4409896958683
723,-2.492088850436486,-0.025941945927185246,-0.14732367942379548,-97.0146403412458,30.067432933915423,656.8790619557551
724,-2.4923441835338522,-0.014903893242621563,-0.14421585997849565,-97.23657608142378,29.89584507548264,658.9020532465444
725,-2.5097003516715652,-0.008523769324337292,-0.1355207556166106,-98.13771551003508,29.862291488982486,661.6570213731527
726,-2.510624334371745,0.008891900461743416,-0.09429006172184477,-99.71714225477076,29.69713180703966,661.592438411799
727,-2.534676761543563,0.0368387433093445,-0.0715555673812735,-102.52423455697638,29.29524663717922,667.3259172625856
728,-2.573815384336668,0.09781991892981062,0.024574434212656752,-109.58406046942346,28.709841434228967,676.3708276172962
729,-2.6110237412178803,0.18825792612000838,0.19011389777405174,-119.37192260430744,28.34088207097987,683.9387547430115
730,-2.694940032364154,0.29951851530543466,0.383209610927506,-133.13723847841553,28.110413011591405,703.1652992430019
731,-2.7052186811356727,0.39749921784443215,0.5542032044089422,-142.20591150673093,29.733825194122936,708.1631218492171
732,-2.7152371488219598,0.46827809819511584,0.6060956187709967,-147.93504717094163,30.641343174004923,714.4507531351891
733,-2.7500161638866136,0.4979715112754978,0.6605613282005196,-148.79512714942553,29.925340977996342,712.5129566573868
734,-2.7464409002133143,0.5017754025418198,0.643269400592823,-149.294402605677,29.095383467539925,714.5005014825085
735,3.3019777950307527,-0.576545896511216,-0.81577357183048,-147.3290743793654,26.158866438453565,701.855021481857
736,-2.7291998987070483,0.45494689922332293,0.682768958508888,-145.64131791706677,22.973151274209226,689.82168784327
737,-2.727564687980204,0.4306961410398676,0.6688964034551247,-145.1628218537369,20.856962003707295,685.5107573849514
738,-2.7285751153605378,0.4121477089852575,0.6828340907397388,-145.410794613625,19.41914493613182,680.550504601577
739,-2.7345775504021392,0.4085938644309071,0.6608095553712352,-146.16947304572403,17.65791164529818,678.9228343592498
740,-2.7472645564369964,0.3918372040143231,0.6951437682093811,-147.1411319652272,16.058985311695203,676.9650990533846
741,-2.744733483624113,0.40269049549087516,0.696562141808725,-147.70739276696847,15.015870193430159,676.5544654563332
742,-2.74275181620625,0.40442111099348654,0.6835931311954634,-147.52703023368846,14.405006182147057,673.2825393114421
743,-2.746143126916313,0.4092761744664421,0.682859639497718,-147.4956027005883,13.622699011750836,672.1495110016533
744,-2.751963184168451,0.40925250844492916,0.6732655211934527,-147.93362286708563,13.324420920854056,674.8303569783601
745,-2.7550730904654768,0.4102383906568232,0.677984611652399,-147.4774455411967,13.034886662166873,674.0669273371265
746,-2.7620221008464414,0.4041602599350846,0.683509810062999,-147.44790982431584,12.570874872699806,676.7076402483664
747,-2.756484284685938,0.40490586550514107,0.6960303857005694,-147.359386659418,12.52958030767637,678.3002400761445
748,-2.7547342034312394,0.3991320896217509,0.684211776918195,-145.8996411824444,12.553167687975339,675.2576307460243
749,-2.7582653625891975,0.38942113630307085,0.6866005408930742,-145.61238244957013,12.489807073619826,676.1338460383588
750,-2.7604291515072825,0.3827982973845847,0.6566663599191955,-144.09244883995513,12.205048893768792,674.1866362747587
751,-2.7813370441992395,0.3591113791656766,0.6605030251055236,-143.88782961863075,11.43685643521142,677.7240823338515
752,-2.777862867274556,0.3534212294297201,0.6327136433668986,-142.50796380949265,11.158158086768141,678.3418494920862
753,-2.7844186984013057,0.34329791468357534,0.6229999907511227,-141.83805441919236,10.268418511597208,679.0813410006456
754,-2.78782492653343,0.31282274446189784,0.6277526230435287,-140.31516850470396,9.35938837052785,676.173747597103
755,-2.7978511724847555,0.3112363286693531,0.5837167576208724,-139.13166272514644,8.271543640627325,681.1883258940362
756,-2.8114337301984897,0.2806593217692517,0.5311948096837096,-138.4491963295512,6.928933709618746,689.3031250963625
757,-2.8600898015235914,0.23616403904341404,0.4292466847727749,-134.77559796791365,2.9448170421681246,691.4786572464054
758,-2.8862377586262746,0.20232630839039867,0.3475745344744224,-130.08923800789324,-1.6598703752781836,694.2734135390622
759,-2.901392849372186,0.1535707369365175,0.26949003079080336,-125.67973634308271,-5.731333415374608,698.9131589650107
760,-2.954850479666605,0.12334421734307704,0.17023843771482927,-121.31038616993897,-9.48884424718833,702.010092641054
761,-2.970910858977802,0.08964222696489317,0.10446039353990152,-119.66240371106157,-11.508840771307,708.7013688746564
762,-2.9775712530213045,0.060625333952338545,0.09052165868240941,-119.43392408938465,-12.690071821217721,711.7229318504434
763,-2.982155901197879,0.049261333873697216,0.05830618425256185,-119.87416959283563,-13.563616706131354,716.8761311889559
764,-3.032655586608562,0.05675058172239324,0.02858183600522196,-120.55529348633276,-16.136128514733965,720.1285961130419
765,-3.0608505556530563,0.05926482197596316,0.03039625738684141,-122.47639504797984,-17.79543378302533,724.9307018925178
766,-3.0623437380486678,0.05304038537475375,0.04918444503940418,-123.62024520440217,-18.231044377459323,720.8439423775044
767,-3.087790036569432,0.05799533490459336,0.056816140489526885,-124.21617270990362,-17.924604006216114,714.8692778153276
768,-2.9926071361284587,0.04979357298953442,0.022462037398036504,-126.42999032041294,-12.813708443293063,718.4371784950185
769,-2.9058292100576453,0.034771515402401185,0.08057393759332969,-130.68478280649535,-6.0104015069921,716.1981838580274
770,-2.7780735443564506,0.03088332105400415,0.052231717788272396,-135.37794220448527,3.192909187090819,710.219433046223
771,-2.6929379754063474,0.056668376644753646,0.07598645255188254,-141.60867236931892,12.690672624917099,695.1922090510011
772,-2.6152984411492644,0.11462829174292528,0.1407577851977888,-153.35899231947374,23.57795378810328,686.0276202431453
773,-2.551742664381414,0.22014150234356034,0.21728557151725805,-167.46442088695088,36.76151686859181,679.8634589746911
774,-2.509395318301732,0.3215316852499546,0.32432007603585283,-187.14747172501185,49.84624236370733,671.8612232626679
775,0.5218404233298273,1.9825468844217717,-0.6156386593246853,216.42821528105347,-65.77656333226321,-687.4208404520883
777,-1.7834947929985976,1.6101421327971137,-3.139907983543912,-23.680221995927667,-24.205425157989165,23.005016652201267
