frame,left_gx,left_gy,left_gz,right_gx,right_gy,right_gz
77,-0.2462545692920685,-0.8482264757156373,-0.0017497084336355329,-0.3169384956359863,-0.8317572832107544,0.02247890830039978
78,-0.2593926966190338,-0.810707175731659,0.0022031667176634073,-0.34053540229797363,-0.7654500484466553,0.01528453454375267
79,-0.2761716067790985,-0.7596573114395142,-0.0037279182579368353,-0.34640215039253236,-0.7051035642623902,0.012398463673889637
80,-0.2918914556503296,-0.6994540452957153,-0.00666082464158535,-0.350244528055191,-0.6470827221870422,0.012650512158870697
81,-0.2987092137336731,-0.6550415992736817,-0.012306217104196548,-0.3563706636428833,-0.6030963897705078,0.009156433865427971
82,-0.2967567443847656,-0.5854534864425659,-0.01469331979751587,-0.3624629020690918,-0.5732304811477661,0.007333375513553619
83,-0.29201658964157107,-0.5635724902153015,-0.00834066141396761,-0.3639150321483612,-0.5482943177223205,0.010132846422493458
84,-0.29286026358604433,-0.5466459393501282,-0.009280792437493801,-0.36505701541900637,-0.5320961475372314,0.010142821818590164
85,-0.29339076280593873,-0.5368654251098632,-0.012381420470774174,-0.3647902548313141,-0.5237304449081421,0.008726401254534721
86,-0.292913144826889,-0.5323928117752075,-0.013724038377404213,-0.36305339336395265,-0.5199583888053894,0.008450641296803951
87,-0.2917872667312622,-0.5283982872962951,-0.014283794909715652,-0.3614084184169769,-0.51713707447052,0.009239228442311287
88,-0.2908864378929138,-0.5221999168395997,-0.01590949296951294,-0.35991517901420594,-0.5110737800598144,0.010185779072344303
89,-0.2895442247390747,-0.5148350358009338,-0.016926301643252373,-0.3576324224472046,-0.5037552118301392,0.009974135085940361
90,-0.288312691450119,-0.5095957398414612,-0.018380314111709595,-0.35463873744010926,-0.4995122134685516,0.01000027172267437
91,-0.28759753704071045,-0.5055262088775635,-0.019294418394565582,-0.35248479843139646,-0.496735417842865,0.010310729965567589
92,-0.28710941076278684,-0.5047169387340545,-0.019717233255505562,-0.3514681100845337,-0.4958362340927124,0.009619140066206455
93,-0.28708906173706056,-0.5036500036716461,-0.020456768572330475,-0.35122655630111693,-0.49467543363571165,0.008660965599119663
94,-0.28779096603393556,-0.5028548061847686,-0.021005136892199516,-0.3518279671669006,-0.49310991168022156,0.007915563881397247
95,-0.28940569758415224,-0.5027103424072266,-0.021777493879199028,-0.3528424143791199,-0.49243157505989077,0.007685066666454077
96,-0.2907619833946228,-0.5032131433486938,-0.02178926393389702,-0.3539718806743622,-0.4933024883270264,0.007888506166636944
97,-0.2924840092658997,-0.5045661985874176,-0.022525742650032043,-0.35605373978614807,-0.49383721947669984,0.007968228310346603
98,-0.29370192289352415,-0.5046959102153779,-0.023405028507113457,-0.3568155825138092,-0.4934985160827637,0.006194084882736206
99,-0.29385974407196047,-0.5035069346427917,-0.02468244731426239,-0.35731846690177915,-0.49242650270462035,0.004907251335680485
100,-0.29454009532928466,-0.5031712412834167,-0.024590346962213516,-0.35712913870811464,-0.49264875054359436,0.006355528254061937
101,-0.29525457620620726,-0.5054937779903412,-0.02394469827413559,-0.35685917139053347,-0.4968635082244873,0.006456226576119661
102,-0.3001998424530029,-0.5102063655853272,-0.02473154477775097,-0.3592748582363129,-0.5019349157810211,0.006484162528067827
103,-0.2973961174488068,-0.5121776580810546,-0.02436528354883194,-0.3591321289539337,-0.5024391710758209,0.006746228318661451
104,-0.29832884669303894,-0.5130879282951355,-0.023150242865085602,-0.359263414144516,-0.5040972352027893,0.008663474582135677
105,-0.3053958296775818,-0.519326674938202,-0.021339179947972298,-0.3597929060459137,-0.5142217993736267,0.010083632543683052
106,-0.30959057807922363,-0.5259142756462097,-0.020078055560588837,-0.3657532513141632,-0.5264339804649353,0.01208227314054966
107,-0.3131644010543823,-0.5320829272270202,-0.01730475202202797,-0.37330240607261655,-0.5362261772155762,0.013087071478366852
108,-0.31970986127853396,-0.5405414938926697,-0.014520561322569847,-0.38147521018981934,-0.5472109079360962,0.01450574304908514
109,-0.32413355708122255,-0.5474893450737,-0.012599491514265537,-0.38831362724304197,-0.5556288838386536,0.014352763071656227
110,-0.32775471806526185,-0.5527083992958068,-0.011019876226782799,-0.3938456356525421,-0.5608701586723328,0.014213964343070984
111,-0.3294869899749756,-0.5561999559402466,-0.007441875524818897,-0.3984770357608795,-0.564920973777771,0.013431251980364323
112,-0.33166584372520447,-0.5598148703575134,-0.00914846546947956,-0.4008624792098999,-0.5688546061515808,0.011259029619395733
113,-0.33571159839630127,-0.5649910926818847,-0.009190287441015244,-0.40358738899230956,-0.5733822703361511,0.009839264675974846
114,-0.33576921820640565,-0.5688045740127563,-0.008607798255980015,-0.4051282048225403,-0.577744436264038,0.008793504908680916
115,-0.3367886245250702,-0.5716854333877563,-0.007727866992354393,-0.4059275805950165,-0.5808683037757874,0.007763562723994255
116,-0.33763192892074584,-0.5725846290588379,-0.007180543150752783,-0.4068946301937103,-0.5823899507522583,0.007198254577815533
117,-0.3373753190040588,-0.5726333260536194,-0.0064604030922055244,-0.4075204014778137,-0.5815439701080323,0.006868674885481596
118,-0.3383864760398865,-0.5727829694747925,-0.008013839833438396,-0.40520875453948973,-0.5802230119705201,0.005808844696730375
119,-0.33756346106529234,-0.5696266055107116,-0.008215540088713169,-0.40435801148414613,-0.5725872874259949,0.007507922127842903
120,-0.3328773021697998,-0.5542136788368225,0.000981402350589633,-0.4069041073322296,-0.5581524729728699,0.006944554857909679
121,-0.32937694787979127,-0.5377275824546814,-0.0042183599434792995,-0.40505613684654235,-0.5372934579849243,0.003017837880179286
122,-0.32677844166755676,-0.5271720051765442,-0.00486114202067256,-0.4029247760772705,-0.5232320427894592,9.842163854045793e-05
123,-0.32379530668258666,-0.5199247479438782,-0.005581072997301817,-0.39967732429504393,-0.5138218641281128,-0.0019486937671899796
124,-0.31929720044136045,-0.515870463848114,-0.006541657727211714,-0.39569352865219115,-0.5089014112949372,-0.00272013945505023
125,-0.3153802156448364,-0.5156023144721985,-0.006852956023067236,-0.3914736211299896,-0.508310753107071,-0.0027876547537744045
126,-0.31333878040313723,-0.5199908256530762,-0.005320922005921602,-0.3889818131923676,-0.5138829588890076,-0.001651562051847577
127,-0.31446620225906374,-0.5318569540977478,-0.004430274944752455,-0.3878742575645447,-0.5269498467445374,-0.0002268495736643672
128,-0.31590165495872496,-0.5404919505119323,-0.0027249366976320744,-0.38771087527275083,-0.5372177243232727,0.0007062994409352541
129,-0.31634944677352905,-0.5465368628501892,-0.0015173262218013406,-0.38745405077934264,-0.544042432308197,0.001020851545035839
130,-0.3173666477203369,-0.5494888663291931,-0.0008991493959911168,-0.3887424051761627,-0.5488666892051697,0.0010026987874880433
131,-0.31738842129707334,-0.552288019657135,0.00024786440189927816,-0.3878741800785065,-0.5532994151115418,0.0022499184124171734
132,-0.316522604227066,-0.5553647637367248,0.000903415959328413,-0.38854491114616396,-0.557598066329956,0.002697321819141507
133,-0.31796568632125854,-0.559563410282135,0.0013419410679489374,-0.3902172982692719,-0.5599793434143067,0.0030183091294020414
134,-0.3198594093322754,-0.5627986550331116,0.002534199273213744,-0.3927279353141785,-0.5630849242210388,0.003631267696619034
135,-0.3210331737995148,-0.5647952198982239,0.0037958319298923016,-0.3931446671485901,-0.5652830958366394,0.004049815237522125
136,-0.3203256964683533,-0.5655722141265869,0.0042998031713068485,-0.3928517997264862,-0.5673921346664429,0.004177790135145187
137,-0.3216459035873413,-0.5661888241767883,0.0047508589923381805,-0.3953684508800507,-0.5674121141433716,0.004039069637656212
138,-0.3192797124385834,-0.566735589504242,0.004614845849573612,-0.39176985025405886,-0.5682166218757629,0.003213500836864114
139,-0.31813409328460696,-0.5665791511535645,0.004366623237729073,-0.39250187277793885,-0.5685910582542419,0.0032171783968806267
140,-0.3148698449134827,-0.5673124194145203,0.0048556821420788765,-0.38810614943504335,-0.5707688212394715,0.003924634773284197
141,-0.3143602252006531,-0.5690218925476074,0.0044036447070539,-0.3861996054649353,-0.5735368371009827,0.003243909915909171
142,-0.3118663728237152,-0.569636595249176,0.004849357530474663,-0.3842393159866333,-0.5745365619659424,0.0031802242156118155
143,-0.31074332594871523,-0.5701658964157105,0.004564512986689806,-0.38177070021629333,-0.5740932703018189,0.0029151400085538626
144,-0.30701286196708677,-0.5710285663604736,0.0040061152540147305,-0.378993821144104,-0.5724522352218628,0.002734171925112605
145,-0.30402798056602476,-0.5709678053855896,0.0030739624053239822,-0.376415354013443,-0.5707059741020203,0.0028457227163016796
146,-0.3006762206554413,-0.5673346638679504,0.0027581616304814816,-0.372833377122879,-0.5667206883430481,0.0041368878446519375
147,-0.29913626313209535,-0.564292824268341,0.001818247139453888,-0.3695517599582672,-0.5628016948699951,0.004586160182952881
148,-0.2934088587760925,-0.554726243019104,0.0011760027846321464,-0.36831300258636473,-0.5558013796806336,0.005316986236721277
149,-0.28709020614624026,-0.5428285360336303,-0.0008937626262195408,-0.36845284700393677,-0.5419698357582092,0.004521033260971308
150,-0.28786991238594056,-0.5361684560775757,-0.0018110099481418729,-0.36948872208595274,-0.5353476047515869,0.004088100045919418
151,-0.28993828892707824,-0.5333659768104553,-0.0032213167287409306,-0.37197625637054443,-0.5312048912048339,0.003720674430951476
152,-0.29245513677597046,-0.5326670646667481,-0.003101160516962409,-0.3752883613109589,-0.5294083833694458,0.0033765463158488274
153,-0.29606959223747253,-0.5334623694419861,-0.0040629543364048,-0.3789663553237915,-0.5301358461380005,0.002394249429926276
154,-0.29992766976356505,-0.5344443321228027,-0.005486496724188328,-0.38301565647125246,-0.5308878779411316,0.0022057481110095978
155,-0.30422094464302063,-0.5341915130615235,-0.006547919008880854,-0.3873146891593933,-0.5309143781661987,0.003100427333265543
156,-0.30860560536384585,-0.5313839435577392,-0.0071874079294502735,-0.3919550240039825,-0.5292116403579712,0.0031344271264970303
157,-0.3146005153656006,-0.5269846200942994,-0.00844879075884819,-0.39774457216262815,-0.5250936031341553,0.004808408208191395
158,-0.32121982574462893,-0.5233234763145447,-0.008945673704147339,-0.4042094945907593,-0.521373164653778,0.004933864809572697
159,-0.3288448989391327,-0.5224462509155273,-0.009541883133351803,-0.4115303158760071,-0.5206979155540467,0.004852943122386932
160,-0.3370693027973175,-0.5237455844879151,-0.008482088334858418,-0.4197772741317749,-0.5250226378440856,0.00648856908082962
161,-0.3454124391078949,-0.531600022315979,-0.008750896900892258,-0.42814756035804746,-0.5345636010169983,0.00722465431317687
162,-0.35396231412887574,-0.5441100358963012,-0.00880618579685688,-0.4364550054073334,-0.5485449194908142,0.007973479107022285
163,-0.3618443489074707,-0.555436909198761,-0.007897621020674706,-0.44427149295806884,-0.5614523530006409,0.008048200979828835
164,-0.36832132935523987,-0.5620265007019043,-0.007946517318487167,-0.4514290988445282,-0.5696997523307801,0.00644166674464941
165,-0.37442213892936704,-0.5676688075065612,-0.007895801216363907,-0.45692371129989623,-0.5766227960586547,0.005392261315137148
166,-0.3811935305595398,-0.5713270664215088,-0.007961513474583626,-0.4607768297195435,-0.5800987839698791,0.004972395952790976
167,-0.38560059666633606,-0.5721634507179261,-0.006170274224132299,-0.4644608020782471,-0.5801527023315429,0.0056414008140563965
168,-0.3904672145843506,-0.5778332829475403,-0.003916512243449688,-0.47025459408760073,-0.5849742293357849,0.007908393628895283
169,-0.39419172406196595,-0.5843518137931824,-0.0017063150880858302,-0.47261786460876465,-0.5924290418624878,0.008370880037546158
170,-0.39742079973220823,-0.5926338315010071,-0.000809143646620214,-0.4768026888370514,-0.6001620411872863,0.008838745765388012
171,-0.39938612580299376,-0.5980226278305054,-0.0003271430032327771,-0.4782725155353546,-0.6053240776062012,0.008361254818737507
172,-0.4016128838062286,-0.6016493916511536,-6.772334745619446e-05,-0.47942503094673156,-0.6093469500541687,0.00933113880455494
173,-0.40313694477081297,-0.6018401503562927,-0.00030871760100126266,-0.4813804805278778,-0.6106738328933716,0.009090361185371876
174,-0.40378732681274415,-0.6047343850135803,0.001401738729327917,-0.47896363735198977,-0.6132819890975952,0.011498838663101196
175,-0.40321030020713805,-0.6090888500213623,0.00146213558036834,-0.4796497642993927,-0.6197404384613037,0.013064879924058914
176,-0.4018037736415863,-0.6166591882705689,0.0013252819189801812,-0.4772896349430084,-0.6313416004180908,0.013824479654431343
177,-0.398496025800705,-0.6264430284500122,0.0034797219559550285,-0.47608221173286436,-0.6426379442214966,0.01665904000401497
178,-0.3969110608100891,-0.6345054030418396,0.003618160029873252,-0.4740464687347412,-0.65117267370224,0.01821357198059559
179,-0.39495366215705874,-0.6397016167640686,0.004000731278210878,-0.46943297386169436,-0.6580153346061707,0.02002420462667942
180,-0.3917444825172424,-0.6435189723968506,0.004200539086014032,-0.4679264724254608,-0.6595201015472412,0.020529188215732574
181,-0.39092381596565245,-0.6447818517684937,0.004228795878589153,-0.46620599627494813,-0.6620201706886292,0.01953238993883133
182,-0.38958622217178346,-0.647873854637146,0.004647122696042061,-0.464202344417572,-0.6643813610076904,0.019269905984401703
183,-0.38898939490318296,-0.6500721335411072,0.0048582181334495544,-0.46314738392829896,-0.6676247119903564,0.019686343148350716
184,-0.3871105372905731,-0.6540738582611084,0.005234897136688232,-0.4614913105964661,-0.6705863952636719,0.020404428243637085
185,-0.38611209988594053,-0.6575095176696777,0.005936849396675825,-0.459483391046524,-0.675076687335968,0.021642347797751427
186,-0.3842051327228546,-0.662960147857666,0.006332376506179571,-0.4591604292392731,-0.6787461519241333,0.022448424249887466
187,-0.3845328211784363,-0.6682368636131286,0.00704745901748538,-0.4593674302101135,-0.6831958293914795,0.022711150348186493
188,-0.38497257232666016,-0.6748902082443238,0.007444116286933422,-0.4589197218418121,-0.68891282081604,0.022548213601112366
189,-0.3866115570068359,-0.6797313928604126,0.008508950471878052,-0.45968385934829714,-0.694683313369751,0.023377185687422752
190,-0.3871223509311676,-0.6845993161201477,0.009495140053331852,-0.4617555022239685,-0.6992266058921814,0.02345537394285202
191,-0.3884477555751801,-0.6895729422569274,0.009895558468997478,-0.46321884989738465,-0.7025808811187744,0.02274874597787857
192,-0.3890721440315247,-0.6947120070457459,0.010881192050874233,-0.46419798135757445,-0.7080376625061036,0.022472020238637924
193,-0.3900487065315247,-0.6989290237426757,0.011033806018531322,-0.4655419409275055,-0.7128079652786254,0.02185249887406826
194,-0.3916027069091797,-0.7029555439949036,0.011567465029656887,-0.4674228549003601,-0.7160800576210022,0.020841330289840698
195,-0.39275739789009095,-0.7058631181716919,0.01203604880720377,-0.4682778656482697,-0.721345841884613,0.02017074264585972
196,-0.3931616902351379,-0.7093432903289795,0.0130485063418746,-0.46964435577392577,-0.723382580280304,0.019695887342095375
197,-0.393800812959671,-0.7133975625038147,0.013672154396772385,-0.47083094120025637,-0.7274358630180359,0.019351137802004814
198,-0.3919528603553772,-0.7156121492385864,0.01383668091148138,-0.4691807746887207,-0.7291651487350463,0.019031191244721413
199,-0.3916944324970245,-0.7178081512451172,0.014366538263857365,-0.46947467923164365,-0.7324469208717346,0.019274942576885223
200,-0.3918640613555908,-0.7197216868400573,0.014149906113743782,-0.4683023810386658,-0.7338319540023803,0.019310327246785164
201,-0.3923087060451508,-0.7200265526771545,0.01464874017983675,-0.4686391532421112,-0.734935188293457,0.019491717219352722
202,-0.3918937921524048,-0.7219703078269959,0.014898109249770641,-0.46798278093338014,-0.7363168597221375,0.019253790378570557
203,-0.3907243311405182,-0.7225079774856568,0.0151763204485178,-0.4678240954875946,-0.7363327860832214,0.019734026864171028
204,-0.389839369058609,-0.7244001388549804,0.015276157297194004,-0.4671152472496033,-0.7342524886131286,0.019757485017180443
205,-0.38852771520614626,-0.7250886917114258,0.015218406915664673,-0.4668690025806427,-0.7363359689712524,0.01969832554459572
206,-0.38658541440963745,-0.7258736610412597,0.014574729837477207,-0.4650487005710602,-0.7377737760543823,0.02004120871424675
207,-0.38616769313812255,-0.7264001488685607,0.014606366865336895,-0.46356257796287537,-0.7387083053588868,0.020568953827023506
208,-0.38420520424842836,-0.7257908582687378,0.013706610538065434,-0.4610797882080078,-0.7383696675300598,0.02028905414044857
209,-0.3826728343963623,-0.7242839455604553,0.01364714652299881,-0.4598990619182587,-0.7369235157966614,0.020387640222907066
210,-0.3811348259449005,-0.7231241583824157,0.013393021188676357,-0.45812660455703735,-0.7372931122779847,0.02071991190314293
211,-0.3788656711578369,-0.7221969246864319,0.013553176075220108,-0.4563571631908417,-0.7375258326530456,0.020847689360380173
212,-0.3782190144062042,-0.7224104642868042,0.013507033698260784,-0.45475550293922423,-0.736899483203888,0.020998284220695496
213,-0.37608943581581117,-0.7227280139923096,0.013213559985160828,-0.4532996892929077,-0.7355305433273316,0.02119622938334942
214,-0.37605115175247195,-0.7211943984031677,0.01287499163299799,-0.45266135931015017,-0.7343287706375122,0.02096056565642357
215,-0.37310081720352173,-0.719398581981659,0.012903036549687386,-0.45050588846206663,-0.732597041130066,0.02085263468325138
216,-0.3742537260055542,-0.7152950525283813,0.012607578188180923,-0.45044767260551455,-0.7284613966941833,0.020423568785190582
217,-0.3741415500640869,-0.711346709728241,0.012432829476892948,-0.45090405344963075,-0.7236653447151185,0.020067943260073662
218,-0.3753392517566681,-0.7083387255668641,0.012798501178622246,-0.45228285193443296,-0.7195148825645447,0.0194090623408556
219,-0.3752675116062164,-0.7056275367736816,0.012754826806485653,-0.45290582776069643,-0.715592110157013,0.018774135038256645
220,-0.37725748419761657,-0.7030003905296326,0.012841785326600075,-0.45359745621681213,-0.7129740357398987,0.018527835607528687
221,-0.37674511075019834,-0.7013033509254456,0.013072912581264973,-0.45357443690299987,-0.7120362877845764,0.018649686127901077
222,-0.37679890990257264,-0.700912880897522,0.012862754054367542,-0.45368213653564454,-0.7102140665054322,0.018273184075951576
223,-0.377482008934021,-0.7004941582679749,0.01240838784724474,-0.4539466083049774,-0.7086296439170837,0.017774730920791626
224,-0.3791909396648407,-0.7003173351287841,0.012754945084452629,-0.4546370983123779,-0.7082898736000061,0.018049092963337898
225,-0.3798259437084198,-0.7005482077598572,0.012699475511908531,-0.45505488514900205,-0.7089029908180237,0.01842965930700302
226,-0.3799135506153107,-0.7014621615409851,0.012749902904033661,-0.4553671658039093,-0.710479474067688,0.01825295202434063
227,-0.38036338090896604,-0.7025838851928711,0.0130700021982193,-0.45593842267990115,-0.7121309399604797,0.01891668513417244
228,-0.3796685516834259,-0.7047799825668335,0.013029538094997406,-0.4565118491649628,-0.7138996958732605,0.01917330175638199
229,-0.37980607748031614,-0.7084427952766419,0.013092786073684692,-0.4565120756626129,-0.7179152369499207,0.019368385896086693
230,-0.3801834523677826,-0.7148164987564087,0.013438036665320396,-0.45610063076019286,-0.7244665861129761,0.01937098428606987
231,-0.37964447736740115,-0.7219632744789124,0.014362013898789883,-0.45603916645050047,-0.7322022914886475,0.020105373114347458
232,-0.37865263819694517,-0.727714204788208,0.015826420858502388,-0.4569624483585358,-0.737054979801178,0.02116687223315239
233,-0.3792367517948151,-0.7335780501365662,0.016507305204868317,-0.4575722277164459,-0.7417863011360168,0.02209525741636753
234,-0.378816032409668,-0.7387655019760132,0.017249980941414833,-0.4569055259227753,-0.7498556494712829,0.023057695478200912
235,-0.37620123028755187,-0.7447142839431763,0.01820654608309269,-0.4566746652126312,-0.7532065629959106,0.02410650998353958
236,-0.3752750396728516,-0.749739146232605,0.01837129518389702,-0.4555283010005951,-0.758750033378601,0.025084298104047775
237,-0.37473742961883544,-0.7526979684829712,0.018177829682826996,-0.45382569432258607,-0.7648043751716613,0.025322504341602325
238,-0.3741249978542328,-0.756255316734314,0.018715573474764824,-0.4544370770454407,-0.767178750038147,0.02659766562283039
239,-0.3745864748954773,-0.7582301378250123,0.018923388794064522,-0.4546034514904022,-0.7699328541755677,0.026946526020765305
240,-0.37316749095916746,-0.7626222491264343,0.01902739703655243,-0.45411552786827086,-0.7737165808677673,0.02701120264828205
241,-0.3727653563022614,-0.7645190954208374,0.019632674753665924,-0.45374547839164736,-0.7750155329704285,0.028215138241648674
242,-0.3719935894012451,-0.7666041135787964,0.019365200772881508,-0.45321359038352965,-0.7793318152427673,0.027454683557152748
243,-0.37284454703330994,-0.7672853350639344,0.019763905555009842,-0.4523398637771606,-0.7793578267097473,0.027971461415290833
244,-0.3717260718345642,-0.7684441328048706,0.01938849873840809,-0.4524643957614899,-0.7796222686767578,0.028200816363096237
245,-0.3718015611171722,-0.7685145854949951,0.019733861088752747,-0.4517802119255066,-0.7788313746452331,0.02807408757507801
246,-0.3713203191757202,-0.7698048114776611,0.01986481063067913,-0.4510267376899719,-0.7813279867172241,0.02884657494723797
247,-0.36901764273643495,-0.7676925659179688,0.019445117563009262,-0.45086732506752014,-0.7787529230117798,0.02734472043812275
248,-0.3682650089263916,-0.7576406240463257,0.015945037826895714,-0.4498312294483185,-0.7644564151763916,0.025433281436562538
249,-0.367299884557724,-0.7385076284408569,0.01420985721051693,-0.44993138313293457,-0.7448186755180359,0.025948965921998024
250,-0.3680095851421356,-0.7208981394767762,0.011082484386861324,-0.4489390134811401,-0.7268079400062561,0.024515300989151
251,-0.3665742754936218,-0.7065100789070129,0.00938535388559103,-0.44658973813056946,-0.7151442408561707,0.0235590897500515
252,-0.36500388383865356,-0.6972329497337342,0.0090682003647089,-0.4438238501548767,-0.7061356425285339,0.02314966730773449
253,-0.3633747935295105,-0.6960287094116211,0.007818077690899372,-0.44276645183563235,-0.707627284526825,0.023348061367869377
254,-0.3620197057723999,-0.701528012752533,0.008341985754668713,-0.44226781725883485,-0.7121801257133484,0.025354750454425812
255,-0.3597189962863922,-0.7123251557350159,0.009992685168981552,-0.4397361814975739,-0.7262323260307312,0.027777602896094322
256,-0.35704264640808103,-0.727686595916748,0.009835736826062202,-0.43688063621520995,-0.7443935751914978,0.029105165973305702
257,-0.35536167621612547,-0.7322054624557495,0.01198422908782959,-0.43171693086624147,-0.7545340657234192,0.032657310366630554
258,-0.3519016683101654,-0.7207641839981079,0.008193770423531532,-0.42674095630645753,-0.7467242479324341,0.031245950609445572
259,-0.3479658305644989,-0.6950139760971069,0.004073893651366234,-0.42337515354156496,-0.7236788392066955,0.030781829729676247
260,-0.3452754318714142,-0.667442774772644,0.0011841875966638327,-0.41458219289779663,-0.69856036901474,0.030183875933289528
261,-0.33953915238380433,-0.6402856945991516,-0.0030298237688839436,-0.4136611342430115,-0.6753710985183716,0.029746104031801224
262,-0.3381461799144745,-0.6281602382659912,-0.007350539322942495,-0.4129725992679596,-0.6585301995277405,0.02776043862104416
263,-0.33662172555923464,-0.622731626033783,-0.006573214661329985,-0.41184627413749697,-0.6536678671836853,0.02894507721066475
264,-0.33666530847549436,-0.6264682292938233,-0.00618644617497921,-0.4115172266960144,-0.6572993874549866,0.028029469773173332
265,-0.3353413999080658,-0.6356640458106995,-0.005036329850554466,-0.41022071838378904,-0.6666430115699769,0.030046803876757622
266,-0.33630436658859253,-0.6444950342178345,-0.0035525865387171507,-0.4098354935646057,-0.678310775756836,0.03075103648006916
267,-0.3336785078048706,-0.6527479887008667,-0.00326314358972013,-0.40782126784324646,-0.6863586068153381,0.03249167278409004
268,-0.332206791639328,-0.6492163896560669,-0.002174469642341137,-0.4063064157962799,-0.6860464096069336,0.0330943837761879
269,-0.3320939242839813,-0.6437385082244873,-0.0038697312120348215,-0.4052702605724335,-0.6789588212966919,0.03261272981762886
270,-0.33225134015083313,-0.6343724846839904,-0.005240890197455883,-0.4048493683338165,-0.6699130415916443,0.03203921765089035
271,-0.3306493580341339,-0.6289950132369995,-0.0062393611297011375,-0.40448614954948425,-0.6627667903900146,0.03144512698054314
272,-0.3310615837574005,-0.6260862588882447,-0.005767934024333954,-0.4039068877696991,-0.6600838541984558,0.03218144550919533
273,-0.33166528940200807,-0.6300365090370178,-0.00585980573669076,-0.40335054993629454,-0.6645833134651185,0.0314067043364048
274,-0.33262409567832946,-0.6426924467086792,-0.003981871530413628,-0.4045417904853821,-0.6801460266113282,0.0318458266556263
275,-0.33775354623794557,-0.667264199256897,-5.853851689607836e-05,-0.4096043884754181,-0.7084662675857544,0.03350389376282692
276,-0.34308947920799254,-0.6889460206031799,0.0020375174935907125,-0.4114274024963379,-0.7255513906478882,0.034756533801555634
277,-0.34504088163375857,-0.7060129284858704,0.005892551504075527,-0.41470585465431214,-0.7439424633979798,0.035467274487018585
278,-0.3453081905841827,-0.7185848236083985,0.008167875930666924,-0.41759653091430665,-0.752825403213501,0.03517042100429535
279,-0.34789266586303713,-0.7270980596542358,0.009212936274707317,-0.41981778144836424,-0.7604663491249084,0.035109031945466995
280,-0.3475087285041809,-0.7310990691184998,0.009370246902108192,-0.4204629123210907,-0.7656057238578796,0.03446138650178909
281,-0.34739702343940737,-0.735019326210022,0.010767434723675251,-0.4208796739578247,-0.7673787713050843,0.034820374101400375
282,-0.34719516038894654,-0.7392544507980346,0.011270307004451752,-0.42174932956695554,-0.7694223523139954,0.034823399037122726
283,-0.3480259716510773,-0.7437173128128052,0.01183866336941719,-0.42337335348129274,-0.7746763706207276,0.03504524379968643
284,-0.3459163546562195,-0.7454595804214478,0.013293280266225338,-0.42192973494529723,-0.7807605743408204,0.036240532994270325
285,-0.345589280128479,-0.7494245767593384,0.013041584752500057,-0.42130298018455503,-0.7828725576400757,0.03567664325237274
286,-0.34563443064689636,-0.7516699194908142,0.013707941398024559,-0.42220059037208557,-0.7842894315719604,0.03613687679171562
287,-0.34546768069267275,-0.7553598284721375,0.014009363949298859,-0.42227662801742555,-0.791010856628418,0.036802612245082855
288,-0.34566333293914797,-0.7587675094604492,0.013038480654358864,-0.4210879921913147,-0.7943122148513794,0.03595758602023125
289,-0.34494890570640563,-0.7657698392868042,0.013996915891766548,-0.4219359397888184,-0.7978080987930298,0.035934410989284515
290,-0.3443071246147156,-0.771494472026825,0.014235598966479301,-0.42193351984024047,-0.8017262101173401,0.035863202065229416
291,-0.34363810420036317,-0.7777961015701294,0.014685852453112602,-0.421867311000824,-0.8078299403190613,0.03465499356389046
292,-0.3410940945148468,-0.7849966764450074,0.01609882526099682,-0.42323586344718933,-0.813172721862793,0.034675195813179016
293,-0.3403532803058624,-0.8003533840179443,0.01716701127588749,-0.42526928782463075,-0.8275137186050415,0.03305540233850479
294,-0.3382216691970825,-0.8203479170799255,0.01727721095085144,-0.42370498180389404,-0.8501201748847962,0.03523074463009834
330,-0.36248244643211364,-0.8377650737762451,0.022337760776281357,-0.44216702580451966,-0.8504079461097718,0.03091757372021675
331,-0.36249032616615295,-0.8246669173240662,0.025044312700629234,-0.440757554769516,-0.838141393661499,0.029872531071305275
332,-0.3604074060916901,-0.8140660285949707,0.02456596866250038,-0.4415255844593048,-0.8248010039329529,0.02863752283155918
333,-0.3597425103187561,-0.8067028880119324,0.023999439552426338,-0.4416809856891632,-0.8164193511009217,0.028045276179909706
334,-0.360135942697525,-0.7980806231498718,0.022082630544900894,-0.4410008728504181,-0.8092182517051697,0.02746676653623581
335,-0.36166531443595884,-0.7888118505477906,0.020796405151486397,-0.44043647050857543,-0.8028448224067688,0.026980312541127205
336,-0.36224026679992677,-0.7815673470497131,0.021130269393324852,-0.441659140586853,-0.7958736777305603,0.027120055630803108
337,-0.3610550284385681,-0.7739503502845764,0.020414410158991814,-0.4406140327453613,-0.7885928392410279,0.027467533946037292
338,-0.3597013235092163,-0.7665674448013305,0.018588557839393616,-0.43870331048965455,-0.7872525811195373,0.02750108763575554
339,-0.35762040615081786,-0.7605996966362,0.018542923033237457,-0.4373580515384674,-0.7810283541679383,0.027033798396587372
340,-0.3576232552528381,-0.7596258521080017,0.01809524931013584,-0.4372735142707825,-0.7776597261428833,0.028413737192749977
341,-0.35870270133018495,-0.7603271722793579,0.018164196982979774,-0.437365984916687,-0.7804299116134643,0.02809363789856434
342,-0.3598159968852997,-0.7599971890449524,0.018828799948096275,-0.4373836874961853,-0.7793897271156311,0.02856217883527279
343,-0.3616485595703125,-0.7614319324493408,0.019000502303242683,-0.43884695172309873,-0.7839339256286622,0.028617488220334053
344,-0.3632972061634064,-0.7621484875679017,0.019271524623036385,-0.4409202754497528,-0.7806841492652893,0.02754984050989151
345,-0.364833676815033,-0.7604748845100403,0.019096525385975838,-0.4419046461582184,-0.7805389881134033,0.026685409247875214
346,-0.3661938190460205,-0.7586997628211976,0.018593568354845047,-0.44262502789497377,-0.7790043473243713,0.02603808231651783
347,-0.36666867733001707,-0.7570781826972961,0.018304919824004173,-0.4433421492576599,-0.7762681007385254,0.02532377652823925
348,-0.36719695925712587,-0.7533785820007324,0.01810304820537567,-0.4431599974632263,-0.7747729659080506,0.024785341694951057
349,-0.3680899918079376,-0.7504320502281189,0.01747092790901661,-0.4445592641830444,-0.7707149982452393,0.02457645907998085
350,-0.36903494596481323,-0.7461948037147522,0.016163436695933342,-0.44522809982299805,-0.7652158975601197,0.023481179028749466
351,-0.3643733084201813,-0.73530033826828,0.014208465814590454,-0.43865748643875124,-0.7551041722297669,0.024359840899705887
352,-0.3601840674877167,-0.7170958399772644,0.011267268098890781,-0.43223159313201903,-0.7388166904449462,0.02533550187945366
353,-0.36055281162261965,-0.6941534876823425,0.006532921921461821,-0.42114387154579164,-0.719318401813507,0.027263466268777847
354,-0.3441669106483459,-0.6666592836380005,0.002294901292771101,-0.41404048800468446,-0.6994471669197082,0.02761884592473507
355,-0.3366178750991821,-0.6501302242279052,0.0007053999579511583,-0.4080633342266083,-0.687592089176178,0.028619498014450073
356,-0.3343858540058136,-0.6453269004821778,-0.0011524449801072478,-0.40480096340179444,-0.6804036140441895,0.028905119746923447
357,-0.3336375534534454,-0.6425400137901306,-0.002822326961904764,-0.40327616333961486,-0.6773011803627014,0.029748354107141495
358,-0.3328212797641754,-0.6412985444068908,-0.003213343909010291,-0.4008558452129364,-0.676568067073822,0.0296781063079834
359,-0.33299574851989744,-0.642789077758789,-0.004201941192150116,-0.4006019949913025,-0.6769619107246398,0.029360948130488396
360,-0.33305479884147643,-0.6433423399925232,-0.004004941787570715,-0.40040320754051206,-0.6777993559837341,0.029477206990122795
361,-0.3333907127380371,-0.6438033699989318,-0.004080001264810562,-0.39997473955154417,-0.6781885504722596,0.029980266466736794
362,-0.3323420763015747,-0.6423049688339233,-0.004922950640320778,-0.3986015021800995,-0.6772493600845337,0.02960667759180069
363,-0.33218489289283754,-0.6392515778541565,-0.005008061416447163,-0.39790202379226686,-0.6759743809700012,0.030070573091506958
364,-0.33171528577804565,-0.6386491060256958,-0.005775699857622385,-0.3979683339595795,-0.6745311856269837,0.02996017225086689
365,-0.3312420010566711,-0.6371401309967041,-0.006399925798177719,-0.39674806594848633,-0.6740495204925537,0.029731817543506622
366,-0.3306161344051361,-0.6367387771606445,-0.006149391643702984,-0.3967722594738007,-0.6727474212646485,0.02974782884120941
367,-0.3308055579662323,-0.6363463759422302,-0.006296594627201557,-0.39664111137390134,-0.6727168917655945,0.03022930584847927
368,-0.330996572971344,-0.6372766017913818,-0.006659210193902254,-0.3968948721885681,-0.6729180574417114,0.030291039496660233
369,-0.3305785655975342,-0.6363792538642883,-0.00647987425327301,-0.3970548570156097,-0.6731720447540284,0.03032798133790493
370,-0.3304539620876312,-0.6362528562545776,-0.006363448686897755,-0.39688199758529663,-0.6719558238983154,0.030290162190794945
371,-0.33034353256225585,-0.6363966226577759,-0.00676635792478919,-0.39703368544578554,-0.6721177816390991,0.029908064752817154
372,-0.3304223299026489,-0.636484158039093,-0.0063117495737969875,-0.39705085158348086,-0.6723195791244507,0.030232366174459457
373,-0.3299490213394165,-0.6377300500869751,-0.006178498268127441,-0.3973542809486389,-0.672382938861847,0.030422937124967575
374,-0.3297970175743103,-0.6374906420707702,-0.006090741138905287,-0.3975182831287384,-0.673075544834137,0.030857693403959274
375,-0.3298137128353119,-0.6383237361907959,-0.006122631020843983,-0.3976870059967041,-0.6743395090103149,0.030519545078277588
376,-0.32968533635139463,-0.6387609601020813,-0.005954755935817957,-0.3976649343967438,-0.6752657055854797,0.030723998323082924
377,-0.3292802214622498,-0.6403241038322449,-0.005594043526798487,-0.3972262740135193,-0.676941704750061,0.03076118230819702
378,-0.32906259298324586,-0.6405281782150268,-0.0056032463908195496,-0.3973073363304138,-0.6773661017417908,0.03073493205010891
379,-0.3292120277881622,-0.6425000071525574,-0.005425586830824614,-0.3973935604095459,-0.6775549054145813,0.030562493950128555
380,-0.329459422826767,-0.6424728989601135,-0.00546856177970767,-0.39705386757850647,-0.6773920655250549,0.030188659206032753
381,-0.32943212389945986,-0.642354154586792,-0.005353938788175583,-0.39726654887199403,-0.6783251762390137,0.030379286035895348
382,-0.33649290800094606,-0.654560649394989,-0.005444937851279974,-0.3990089178085327,-0.6893166303634644,0.030191071331501007
383,-0.3387626349925995,-0.6543239831924439,-0.00545082101598382,-0.39669560790061953,-0.6875874996185303,0.029941139742732048
384,-0.3292324900627136,-0.6442044734954834,-0.005036914721131325,-0.3960768640041351,-0.6813756942749023,0.03030954673886299
385,-0.32880223393440244,-0.642819607257843,-0.004855489823967218,-0.39644287824630736,-0.6793703556060791,0.0305484626442194
386,-0.32771517634391784,-0.6434976577758789,-0.005884789861738682,-0.3965885818004608,-0.6798155426979064,0.030110925436019897
387,-0.32688050866127016,-0.6432107448577881,-0.005573078524321318,-0.3958863615989685,-0.6794445633888244,0.02996128425002098
388,-0.3256004810333252,-0.6437455534934997,-0.005565723869949579,-0.39500450491905215,-0.6798467516899109,0.03005678951740265
389,-0.3262260496616364,-0.6449126720428466,-0.006056560203433037,-0.3951346457004547,-0.6804800629615784,0.030041852965950966
390,-0.3254220485687256,-0.6447589039802551,-0.005093121901154518,-0.39493619203567504,-0.6815158009529114,0.03045804798603058
391,-0.32545642256736756,-0.6459384799003601,-0.005637199617922306,-0.39536558389663695,-0.6819789052009583,0.030767302960157394
392,-0.3265834331512451,-0.6496696233749389,-0.00488312728703022,-0.39606419801712034,-0.6858651518821717,0.030881982296705246
393,-0.32895355224609374,-0.6578016161918641,-0.004436001647263765,-0.4003674924373627,-0.7000193357467651,0.030220985412597656
394,-0.33654916286468506,-0.6713576674461365,-0.0027052941732108593,-0.4032448410987854,-0.7097472548484802,0.029881516471505165
395,-0.3410415887832642,-0.6796206116676331,-0.0017891416791826487,-0.4073296904563904,-0.7119908332824707,0.030280232429504395
396,-0.34334184527397155,-0.6855345964431763,6.943770858924836e-05,-0.4102558493614197,-0.7198615431785583,0.030157124623656273
397,-0.3454642236232758,-0.6913895845413208,0.0014539744006469846,-0.4147488296031952,-0.7211601853370666,0.028947217389941216
398,-0.3488705694675446,-0.6976462721824646,0.003298673778772354,-0.4190704584121704,-0.7277599215507508,0.029125194996595383
399,-0.349232143163681,-0.7044907569885254,0.005003145895898342,-0.4225176632404327,-0.7326971650123596,0.02875770442187786
400,-0.35188919901847837,-0.7118352293968201,0.005936221685260534,-0.42530826330184934,-0.7405762195587158,0.028203614056110382
401,-0.3547044575214386,-0.7220593333244324,0.007238737307488918,-0.4289809465408325,-0.7493555307388305,0.027869967743754387
402,-0.3577666699886322,-0.7343593239784241,0.009610267356038094,-0.4337420165538788,-0.754643177986145,0.02771390974521637
403,-0.36003223061561584,-0.7473015666007996,0.011380604468286037,-0.4373747408390045,-0.7672586679458618,0.027783228084445
404,-0.3616879940032959,-0.7606628775596619,0.014062637463212013,-0.4406870543956757,-0.7795458197593689,0.028473075479269028
405,-0.3641389846801758,-0.771628224849701,0.016533896327018738,-0.4437962293624878,-0.7880638360977172,0.028642240911722183
406,-0.3646788477897644,-0.7820698022842407,0.01875222660601139,-0.4474877655506134,-0.7978439807891846,0.028797974810004234
407,-0.3659009516239166,-0.7935420989990234,0.0204215869307518,-0.44802299737930296,-0.8101472854614258,0.030087526887655258
408,-0.3644071161746979,-0.8023050785064697,0.02100249193608761,-0.44608402252197266,-0.818707275390625,0.03046891652047634
409,-0.36360560059547425,-0.810499656200409,0.022450372576713562,-0.445111608505249,-0.8272169828414917,0.031635407358407974
410,-0.36292978525161745,-0.8172534942626953,0.02323088049888611,-0.447098308801651,-0.8331174254417419,0.03181837126612663
411,-0.3642023801803589,-0.8242570996284485,0.022269509732723236,-0.44525326490402223,-0.8403728485107422,0.03268839418888092
412,-0.3641218185424805,-0.8266780734062195,0.023653430864214897,-0.4464066207408905,-0.8447812080383301,0.034055523574352264
413,-0.3618336617946625,-0.8263641476631165,0.024074295535683632,-0.44564990401268006,-0.8449886441230774,0.033458445221185684
414,-0.36363437175750735,-0.828934907913208,0.02386310324072838,-0.44711850881576537,-0.8520480632781983,0.03253572806715965
415,-0.36369824409484863,-0.8306737422943116,0.023705827072262764,-0.4479675889015198,-0.8515796542167664,0.032789196819067
416,-0.3632087707519531,-0.8302675247192383,0.024097353219985962,-0.44608309864997864,-0.851665735244751,0.032785750925540924
417,-0.36458735466003417,-0.8334455132484436,0.02442966215312481,-0.4460329174995422,-0.8551191449165344,0.03346583619713783
418,-0.3615775525569916,-0.8324485778808594,0.024726813659071922,-0.44816080927848817,-0.8570727348327637,0.033796750009059906
419,-0.3645192444324493,-0.8333636164665222,0.024253390729427338,-0.4496845781803131,-0.8571711421012879,0.03319542109966278
420,-0.3633915901184082,-0.8321109056472779,0.024448974058032036,-0.44969700574874877,-0.8576038002967834,0.03304203599691391
421,-0.3657061219215393,-0.8336473703384399,0.024312010034918785,-0.4496338427066803,-0.8593188166618347,0.03320511430501938
422,-0.3665864109992981,-0.8324456214904785,0.02418179251253605,-0.44969919323921204,-0.8578884482383728,0.03297586366534233
423,-0.3650865018367767,-0.8312380909919739,0.024170851334929466,-0.4499770522117615,-0.8579358339309693,0.033702824264764786
424,-0.3675541043281555,-0.8292601585388184,0.024757567793130875,-0.45106356739997866,-0.856607174873352,0.03399213030934334
425,-0.36730015873908994,-0.8257254123687744,0.02443254366517067,-0.4517675280570984,-0.8527231693267823,0.03259182721376419
426,-0.3672984540462494,-0.820709228515625,0.02345072478055954,-0.4523967981338501,-0.8510965704917908,0.03252303600311279
427,-0.3674383819103241,-0.8135441541671753,0.022788504138588905,-0.45247365832328795,-0.842993688583374,0.03107926994562149
428,-0.3680336833000183,-0.8059579491615295,0.02222813107073307,-0.45264183878898623,-0.8327880740165711,0.030737578868865967
429,-0.3681942939758301,-0.7977550745010376,0.020470932126045227,-0.45310254096984864,-0.8224899530410766,0.0286956075578928
430,-0.3677502930164337,-0.787250030040741,0.019129635766148567,-0.4516273021697998,-0.811506724357605,0.027301190420985222
431,-0.36827257871627805,-0.7759912014007568,0.018174387514591217,-0.45162016749382017,-0.8007995247840881,0.026853429153561592
432,-0.3658233880996704,-0.7646082639694214,0.017531998455524445,-0.45134356021881106,-0.7859637141227722,0.026328567415475845
433,-0.36537806391716005,-0.7539556145668029,0.015766892582178116,-0.44997942447662354,-0.7739606618881225,0.025426965206861496
434,-0.3656057894229889,-0.7442516088485718,0.014576494693756104,-0.44792441129684446,-0.7627209305763245,0.024401096627116203
435,-0.3663648426532745,-0.7376953721046448,0.013099860399961472,-0.44942246079444886,-0.7557821631431579,0.023696834221482277
436,-0.3658183038234711,-0.7317862033843994,0.011584913358092308,-0.4469389319419861,-0.7503697633743286,0.02248127944767475
437,-0.36481329798698425,-0.7273257374763489,0.01097042765468359,-0.44561039209365844,-0.7444127440452576,0.022200902923941612
438,-0.364035302400589,-0.7237959861755371,0.01011408306658268,-0.4441576361656189,-0.7405131816864013,0.022358186542987823
439,-0.361599200963974,-0.7165208458900452,0.008775779977440834,-0.43812466859817506,-0.7376256585121155,0.023049144074320793
440,-0.35750851035118103,-0.7039676904678345,0.005805953871458769,-0.4341547429561615,-0.7241846799850464,0.025465359911322594
441,-0.35051944851875305,-0.6807384729385376,0.0019297474063932896,-0.4263124644756317,-0.7079912304878235,0.027091562747955322
442,-0.34104825258255006,-0.6521102309226989,-0.003382608527317643,-0.41415415406227113,-0.6797458410263062,0.025615103542804718
443,-0.33480473756790163,-0.6310291767120362,-0.008115356788039207,-0.41071721315383913,-0.656688928604126,0.02538088895380497
444,-0.3330920457839966,-0.620077657699585,-0.01190680917352438,-0.4068747997283936,-0.6427664160728455,0.024738045409321785
445,-0.33286450505256654,-0.6133007168769836,-0.014549377374351025,-0.4043529570102692,-0.6335855841636657,0.024010879918932915
446,-0.3327140033245087,-0.6102169990539551,-0.015851514413952827,-0.40294296145439146,-0.6279511094093323,0.02377609722316265
447,-0.3327754080295563,-0.607771897315979,-0.01724010333418846,-0.40174517035484314,-0.6250200033187866,0.023412955924868584
448,-0.3328127503395081,-0.6056756377220154,-0.01789099909365177,-0.40083572268486023,-0.6233620285987854,0.023600291460752487
449,-0.3328772246837616,-0.604764175415039,-0.01805257424712181,-0.4007077753543854,-0.6228027582168579,0.023847108706831932
450,-0.33269824385643004,-0.6028727769851685,-0.01803855039179325,-0.399112206697464,-0.6199207782745362,0.02403540164232254
451,-0.3321384131908417,-0.6015999913215637,-0.01822083443403244,-0.39835872054100036,-0.6184498906135559,0.02406972460448742
452,-0.3317072331905365,-0.6015836834907532,-0.018600501120090485,-0.39829833507537843,-0.6170361757278442,0.02427530102431774
453,-0.33178014159202573,-0.59972243309021,-0.018119309097528458,-0.39815106987953186,-0.6161038279533386,0.024860037490725517
454,-0.3315176486968994,-0.601177430152893,-0.01864813081920147,-0.3975110471248627,-0.6156810164451599,0.025335494428873062
455,-0.33127825856208803,-0.6011922121047973,-0.018471119925379753,-0.3970718502998352,-0.6153105974197388,0.025024155154824257
456,-0.3306093394756317,-0.5987580060958863,-0.01842411234974861,-0.39639798998832704,-0.615216326713562,0.025405963882803917
457,-0.32920399904251096,-0.6003702998161315,-0.018507160246372223,-0.3960962474346161,-0.6154974818229675,0.025501558557152748
458,-0.3295941174030304,-0.5997170329093933,-0.01833978109061718,-0.39548673629760744,-0.6153997182846069,0.025136208161711693
459,-0.3294092118740082,-0.6001054525375367,-0.017619844526052475,-0.3962989628314972,-0.6153258085250854,0.025106331333518028
460,-0.32871736884117125,-0.6006288170814514,-0.01757636107504368,-0.3955937445163727,-0.6172682404518127,0.024999666959047318
461,-0.3273198425769806,-0.6022846102714539,-0.01736464910209179,-0.3946214199066162,-0.6182021617889404,0.025046225637197495
462,-0.32597053050994873,-0.6027215003967286,-0.017091216519474983,-0.39358408451080323,-0.6206372976303101,0.025456834584474564
463,-0.3257194995880127,-0.6059388399124146,-0.01708354614675045,-0.3935857892036438,-0.6224636554718017,0.02625402621924877
464,-0.3245204210281372,-0.6088295102119445,-0.01680738851428032,-0.39284661412239075,-0.6264228343963623,0.02590811997652054
465,-0.32441994547843933,-0.6119694590568543,-0.016218561679124832,-0.3926067650318146,-0.6306053876876831,0.026094570755958557
466,-0.32404568791389465,-0.6143850207328796,-0.01527081336826086,-0.3927088022232056,-0.6363309383392334,0.026990331709384918
467,-0.3329610049724579,-0.6290465831756592,-0.0131330955773592,-0.3919212281703949,-0.6513244271278381,0.028002677485346794
468,-0.3326903522014618,-0.6483754873275757,-0.010268127545714378,-0.3967181980609894,-0.6735293507575989,0.028982382267713547
469,-0.33574520945549013,-0.6629943966865539,-0.0073458109982311726,-0.4013801872730255,-0.686305832862854,0.02844298630952835
470,-0.34001471400260924,-0.6783493518829345,-0.0030466322787106037,-0.40626763701438906,-0.7029542803764344,0.028899818658828735
471,-0.34300677180290223,-0.6941345572471619,0.0006594506558030844,-0.4106316089630127,-0.7151587247848511,0.030404364690184593
472,-0.34363616108894346,-0.7069521546363831,0.0036178671289235353,-0.41361754536628725,-0.723793339729309,0.03124982863664627
473,-0.34452922344207765,-0.7155985951423645,0.005773601122200489,-0.416244375705719,-0.7335183143615722,0.03164258971810341
474,-0.34599403738975526,-0.7205343246459961,0.0070007783360779285,-0.4170171856880188,-0.7363291382789612,0.033098481595516205
475,-0.3455513298511505,-0.7244611144065857,0.007749885320663452,-0.41776763200759887,-0.7406379342079162,0.03260573372244835
476,-0.3465965151786804,-0.7257304906845092,0.007366158068180084,-0.41798795461654664,-0.7426041722297668,0.032147303223609924
477,-0.34649417996406556,-0.7268159985542297,0.007548377849161625,-0.41854367852211,-0.7438898921012879,0.03201272711157799
478,-0.347135591506958,-0.7260671377182006,0.007251541130244732,-0.4196798145771027,-0.7434241652488709,0.031374502927064896
479,-0.34807737469673156,-0.7265497446060181,0.00750019820407033,-0.41999449133872985,-0.7425171136856079,0.030881214886903763
480,-0.34842816591262815,-0.7258980751037598,0.00785743910819292,-0.42048874497413635,-0.7447605967521668,0.031175754964351654
481,-0.34681726694107057,-0.7261128425598145,0.008111112751066685,-0.41787004470825195,-0.7422760725021362,0.03142429515719414
482,-0.345806884765625,-0.7260787487030029,0.008234941400587559,-0.41710593104362487,-0.743741238117218,0.031590331345796585
483,-0.3455397725105286,-0.724994158744812,0.008288898505270481,-0.41588762402534485,-0.7425001502037049,0.03214370459318161
484,-0.3441244542598724,-0.7256256818771363,0.008301697671413422,-0.4150911092758179,-0.742908239364624,0.032498300075531006
485,-0.3436880886554718,-0.7258023738861084,0.008436134085059166,-0.41481637954711914,-0.7455971717834473,0.03237389773130417
486,-0.3427316665649414,-0.7255650162696838,0.007840451784431934,-0.41474601030349734,-0.7432662129402161,0.03244888782501221
487,-0.3421265482902527,-0.7256418347358704,0.008840472437441349,-0.41489138007164,-0.744844126701355,0.03311559557914734
488,-0.34462329745292664,-0.7290713906288147,0.010338081046938896,-0.4167709112167358,-0.7469587087631225,0.03272336721420288
489,-0.3461392283439636,-0.7334008932113647,0.011597978882491589,-0.42101937532424927,-0.7486660122871399,0.032566700130701065
490,-0.34873826503753663,-0.7367006540298462,0.012441697530448437,-0.42293164134025574,-0.7508583188056945,0.03124060109257698
491,-0.35030911564826966,-0.7394196510314941,0.013027112931013107,-0.4246747851371765,-0.7530170202255249,0.030382312834262848
492,-0.3509709596633911,-0.7427750825881958,0.012936283834278584,-0.42548100352287294,-0.755413818359375,0.02993074618279934
493,-0.3496806800365448,-0.7449876666069031,0.01274802628904581,-0.4249314844608307,-0.7546048402786255,0.029753513634204865
494,-0.34804893732070924,-0.7454906344413758,0.012545425444841385,-0.4249939858913422,-0.7565163850784302,0.029438309371471405
495,-0.34666016697883606,-0.7441669702529907,0.013082745485007763,-0.4246223747730255,-0.754377031326294,0.029795488342642784
496,-0.34617578983306885,-0.7431629419326782,0.012470259331166744,-0.423331081867218,-0.7550022840499878,0.029579099267721176
497,-0.34407753944396974,-0.7424680829048157,0.012708661146461964,-0.4226901113986969,-0.7548257827758789,0.02948370948433876
498,-0.34439576268196104,-0.7408056259155273,0.012918330729007721,-0.42091518044471743,-0.7526622533798217,0.02974517270922661
499,-0.3427380621433258,-0.7405491232872009,0.01213767845183611,-0.4204660415649414,-0.7518704891204834,0.02911815047264099
500,-0.3410953521728516,-0.7381193041801453,0.012006348930299282,-0.41960290670394895,-0.751706349849701,0.029157772660255432
501,-0.3385323643684387,-0.7392705798149108,0.011760917492210865,-0.41876591444015504,-0.7500822424888611,0.029043778777122498
502,-0.3397411584854126,-0.7376595973968506,0.011472363024950027,-0.4175472617149353,-0.7513211250305176,0.028721319511532784
503,-0.34118812084197997,-0.7372682571411133,0.011481042951345444,-0.41767086982727053,-0.7510943293571473,0.02799203060567379
504,-0.340678995847702,-0.7363963484764099,0.011485161259770393,-0.4175017595291138,-0.7492669105529786,0.027923956513404846
505,-0.3382256805896759,-0.7369707345962524,0.011930215172469616,-0.4178547918796539,-0.7489610075950622,0.027776487171649933
506,-0.3400081217288971,-0.7363215088844299,0.012256483547389507,-0.4183539867401123,-0.7484657645225525,0.02791716530919075
507,-0.34026436805725097,-0.7374969363212586,0.012378205545246601,-0.4184905827045441,-0.7505946397781372,0.027340225875377655
508,-0.3395561337471008,-0.7393997550010681,0.012903892435133457,-0.4191415548324585,-0.7517152428627014,0.027203837409615517
509,-0.3389192521572113,-0.7419525742530823,0.012642312794923782,-0.4192129552364349,-0.7541412591934205,0.027008645236492157
510,-0.33796446323394774,-0.7441134333610535,0.012887625955045223,-0.41905311942100526,-0.7565629243850708,0.02734951302409172
511,-0.3394540011882782,-0.7462290048599243,0.012904838658869267,-0.4200717329978943,-0.7575291514396667,0.027258029207587242
512,-0.3415000200271606,-0.7472729802131652,0.013252511620521545,-0.42114150524139404,-0.7583468675613403,0.027296248823404312
513,-0.34178089499473574,-0.749143922328949,0.013989866711199284,-0.423370772600174,-0.7593974232673645,0.02735343761742115
514,-0.3439719080924988,-0.7504441976547241,0.014647062867879868,-0.42465572357177733,-0.7636201739311218,0.027341198176145554
515,-0.3433539092540741,-0.7525420665740967,0.013984441757202148,-0.42593565583229065,-0.765040647983551,0.026334984228014946
516,-0.3462959945201874,-0.7520129680633545,0.014641823247075081,-0.42808430194854735,-0.7643434524536132,0.026067469269037247
517,-0.3473632216453552,-0.7524740695953369,0.015064121223986149,-0.42905006408691404,-0.7638005495071412,0.026076383888721466
518,-0.3452719748020172,-0.7507927894592286,0.015431140549480915,-0.42753859162330626,-0.760231077671051,0.026154108345508575
519,-0.343078750371933,-0.7482886791229248,0.013427309691905975,-0.42548789381980895,-0.7586405277252197,0.026362156495451927
520,-0.3426975548267365,-0.7452734351158142,0.01305555459111929,-0.4252955138683319,-0.7547960162162781,0.027098890393972397
521,-0.3430544912815094,-0.7429963707923889,0.011819014325737953,-0.42358211278915403,-0.7543481588363647,0.027261784300208092
522,-0.3419498085975647,-0.7387086868286132,0.011335773393511772,-0.42273996472358705,-0.7515468239784241,0.026837607845664024
523,-0.3418413162231445,-0.7342773079872131,0.010503624565899372,-0.4211796700954437,-0.7475335955619812,0.026349805295467377
524,-0.3403022050857544,-0.7305011987686157,0.009420809336006641,-0.42202156186103823,-0.7436962485313415,0.026145361363887787
525,-0.3402042627334595,-0.7256625413894653,0.007851551286876202,-0.419798469543457,-0.7397608757019043,0.02554265223443508
526,-0.3392657697200775,-0.7218473672866821,0.006771633867174387,-0.4188229203224182,-0.7341312408447266,0.025313924998044968
527,-0.33758209347724916,-0.7162477731704712,0.007192257791757584,-0.41678959131240845,-0.7290663361549378,0.026329280808568
528,-0.33536309003829956,-0.7115268707275391,0.005957813002169132,-0.4142091929912567,-0.7242668628692627,0.026162482798099518
529,-0.3352664887905121,-0.7046542763710022,0.006124562583863735,-0.41397750973701475,-0.7192747116088867,0.0267505943775177
530,-0.33485735654830934,-0.696141266822815,0.004172977060079575,-0.4137167453765869,-0.7097994327545166,0.026321766898036003
531,-0.3346369743347168,-0.688598120212555,0.003498913487419486,-0.41370701789855957,-0.701493215560913,0.026162222027778625
532,-0.33262717723846436,-0.6832840323448182,0.0011906955623999238,-0.414356005191803,-0.6937372922897339,0.024502035230398178
533,-0.3374932467937469,-0.6763070106506348,0.00023401851649396122,-0.4159552752971649,-0.6873582363128662,0.02350868470966816
534,-0.33707258105278015,-0.6702897787094116,-0.0002936165255960077,-0.41624137163162234,-0.680002224445343,0.021505268290638924
535,-0.3380704879760742,-0.6652159452438354,0.0002785982214845717,-0.4168971300125122,-0.6750667929649353,0.020214373245835304
536,-0.33778494596481323,-0.6656723737716674,-0.0003054129774682224,-0.41813870072364806,-0.6706282734870911,0.01840732991695404
537,-0.3385844945907593,-0.6674850940704345,-0.00041639339178800583,-0.41899091601371763,-0.6739384412765503,0.016787352040410042
538,-0.3393134593963623,-0.6727864623069764,-0.0006875071558170021,-0.41937520503997805,-0.6778746128082276,0.01562131941318512
539,-0.3395830154418945,-0.6821271061897278,0.0005553102237172425,-0.420697283744812,-0.6867987394332886,0.017749154940247536
540,-0.33918637633323667,-0.6921717166900635,0.0016312667867168784,-0.4207566797733307,-0.6970983386039734,0.019414249807596207
541,-0.3361742377281189,-0.7045186877250671,0.0032996886875480413,-0.4201848924160004,-0.7090905427932739,0.021561481058597565
542,-0.33430943489074705,-0.7178084015846252,0.004806520417332649,-0.42011765837669374,-0.7198588728904725,0.02292543835937977
543,-0.3327164351940155,-0.7308744072914124,0.004906994756311178,-0.41821842789649966,-0.7327611923217774,0.02345850132405758
544,-0.33094921708106995,-0.7414578795433044,0.006540677510201931,-0.4167308688163757,-0.7456762433052063,0.02631131187081337
545,-0.328460156917572,-0.7515002846717834,0.007608055602759123,-0.413871830701828,-0.7575939655303955,0.028384651988744736
546,-0.3259992182254791,-0.760882830619812,0.008822412230074406,-0.41407798528671264,-0.7670042872428894,0.03091985546052456
547,-0.3263749241828918,-0.7715918540954589,0.009174748323857784,-0.4134542405605316,-0.7767466187477112,0.03288423642516136
548,-0.3256258428096771,-0.7807197093963623,0.010241332463920116,-0.4129292666912079,-0.7863822102546691,0.034939832985401154
549,-0.32489657402038574,-0.7901467323303223,0.012002172879874706,-0.4125105679035187,-0.7942263007164001,0.03560199588537216
550,-0.3260434329509735,-0.7962378025054931,0.012710020877420902,-0.413614946603775,-0.8032367467880249,0.036624182015657425
551,-0.3260956108570099,-0.8019033312797547,0.012582928873598576,-0.4144028425216675,-0.810184633731842,0.036904193460941315
552,-0.3233442187309265,-0.8070426225662232,0.01296327542513609,-0.41521950960159304,-0.8150364279747009,0.03753263130784035
553,-0.32200539112091064,-0.813435161113739,0.013604944571852684,-0.4154330432415009,-0.8208617448806763,0.037979189306497574
554,-0.32018516063690183,-0.8235749840736389,0.014220410957932472,-0.4127228021621704,-0.8328025460243225,0.03954371064901352
555,-0.316466349363327,-0.8399443864822388,0.015479323454201221,-0.40900986790657046,-0.8475033044815063,0.03868962451815605
556,-0.317524391412735,-0.8552524447441101,0.01614256389439106,-0.40888572931289674,-0.8621884346008301,0.03884221240878105
557,-0.3162278175354004,-0.8713773727416992,0.01583215408027172,-0.40754703283309934,-0.8772876858711243,0.0402403250336647
558,-0.3162878453731537,-0.8821166634559632,0.016002947464585304,-0.4096760392189026,-0.8903172135353088,0.03862734138965607
559,-0.31369107961654663,-0.8889423608779907,0.01660359650850296,-0.40876551270484923,-0.8953644752502441,0.038067497313022614
560,-0.3094153106212616,-0.8928496479988098,0.017888979986310005,-0.4081597626209259,-0.903999674320221,0.0375850573182106
561,-0.3066830575466156,-0.8982635021209717,0.01687784306704998,-0.40428450107574465,-0.9075536489486694,0.03867501765489578
562,-0.3030415713787079,-0.8996042132377624,0.01556750014424324,-0.400857949256897,-0.9118257164955139,0.03880876302719116
568,-0.3039379298686981,-0.8736879467964173,0.01293416228145361,-0.3964228093624115,-0.8932200074195862,0.03713056072592735
569,-0.3020268976688385,-0.8655060052871704,0.012543153949081898,-0.3950535595417023,-0.8787333011627197,0.04110030457377434
570,-0.302654093503952,-0.8568762183189392,0.014447066932916641,-0.3976165235042572,-0.8714282631874084,0.04258979856967926
571,-0.3044951856136322,-0.8492500066757203,0.014959821477532387,-0.398768937587738,-0.8617010235786438,0.04219366982579231
572,-0.30388933420181274,-0.8376906991004944,0.014742696657776833,-0.39731525182724,-0.8535146832466125,0.04262343794107437
573,-0.30225167870521547,-0.8263246893882752,0.01326272077858448,-0.39729468822479247,-0.838563084602356,0.04126095771789551
574,-0.3016380786895752,-0.8137053370475769,0.011026360094547272,-0.394692200422287,-0.8262364029884338,0.04081287235021591
575,-0.30232009291648865,-0.8051780581474304,0.011294759809970856,-0.3926370143890381,-0.8130009651184082,0.0398951917886734
576,-0.3027199268341064,-0.797435188293457,0.010566484183073044,-0.39293949007987977,-0.8113123178482056,0.03998486325144768
577,-0.3056758165359497,-0.7931285858154297,0.010245243087410927,-0.3959193527698517,-0.8068776488304138,0.03888760507106781
578,-0.30870465040206907,-0.7924823045730591,0.01006422471255064,-0.3973342001438141,-0.8011714696884156,0.037410080432891846
579,-0.3110670030117035,-0.7893008947372436,0.009061753749847412,-0.39960259199142456,-0.7993363976478577,0.035560283809900284
580,-0.3121988534927368,-0.7838923573493958,0.008710072375833988,-0.40080158710479735,-0.7917566418647766,0.035196613520383835
581,-0.31464481353759766,-0.7793455839157104,0.008456273004412651,-0.4019790947437286,-0.7851805448532104,0.033290985971689224
582,-0.3154884517192841,-0.7734992146492005,0.008813153952360153,-0.4036387026309967,-0.7811986446380615,0.03258661925792694
583,-0.3169905781745911,-0.7711005568504333,0.0074630784802138805,-0.40486453771591185,-0.7751957654953003,0.03185921534895897
584,-0.316627699136734,-0.7707879066467285,0.007459612097591162,-0.40671353340148925,-0.7754657864570618,0.03084588423371315
585,-0.3151311159133911,-0.7773375630378723,0.00865691713988781,-0.4072999060153961,-0.7828922629356384,0.03209259361028671
586,-0.3140780031681061,-0.7860260009765625,0.010539975017309189,-0.40798309445381165,-0.7941173434257507,0.032684583216905594
587,-0.31086910963058473,-0.8017523169517518,0.012585953809320927,-0.40743556022644045,-0.806355357170105,0.03532184287905693
588,-0.30832633972167967,-0.8178725600242615,0.013761315494775772,-0.4054523468017578,-0.8224795579910278,0.03559884801506996
589,-0.3052781879901886,-0.8340968012809753,0.01604221574962139,-0.4013854742050171,-0.8380373954772949,0.036546580493450165
590,-0.29976082444190977,-0.8504015326499939,0.017183825373649597,-0.3967523813247681,-0.8534754872322082,0.037748854607343674
591,-0.2932655572891235,-0.8628663659095764,0.019179023802280426,-0.3923185467720032,-0.8644345521926879,0.0397932343184948
592,-0.290593421459198,-0.8754026651382446,0.01866714097559452,-0.3896908342838287,-0.8787668347358704,0.03828302025794983
593,-0.28750930428504945,-0.8841119408607483,0.018087109550833702,-0.3872652888298035,-0.8868464469909668,0.037777334451675415
594,-0.28977311253547666,-0.8939478158950805,0.020060839131474495,-0.38641237616539004,-0.8919838428497314,0.03764332830905914
595,-0.29094995856285094,-0.902381706237793,0.020161950960755348,-0.38799422383308413,-0.9011755585670471,0.03756362199783325
596,-0.29237973093986513,-0.9083925366401673,0.020898696035146713,-0.3917748391628265,-0.9091848731040955,0.03736790642142296
597,-0.29657440781593325,-0.9114321708679199,0.02192881889641285,-0.395295774936676,-0.908215320110321,0.03703119233250618
598,-0.3012287080287933,-0.9128636002540589,0.021224088966846466,-0.39866513609886167,-0.910684072971344,0.03586863353848457
599,-0.3074771106243134,-0.912533438205719,0.02245791256427765,-0.4033017933368683,-0.9131550431251526,0.03543223440647125
600,-0.31341375708580016,-0.914664340019226,0.02309573069214821,-0.4072205662727356,-0.9156495332717896,0.03577345237135887
601,-0.314376038312912,-0.9148487567901611,0.023909246549010277,-0.41324893832206727,-0.9168973088264465,0.036259472370147705
602,-0.3221422791481018,-0.9170420169830322,0.023937784135341644,-0.4151370644569397,-0.9193264842033386,0.034579675644636154
603,-0.3279405415058136,-0.9197609663009644,0.023959320038557053,-0.4158908843994141,-0.92092045545578,0.035021401941776276
624,-0.3382264614105225,-0.8470285654067993,0.020163066685199738,-0.42634592652320863,-0.8627814292907715,0.035055410116910934
625,-0.33865344524383545,-0.815077793598175,0.016055312007665634,-0.4205371797084808,-0.8340941667556763,0.03433467075228691
626,-0.3367170751094818,-0.7848437070846558,0.010546437464654446,-0.4170295536518097,-0.805913758277893,0.03538525849580765
627,-0.3350717306137085,-0.7542076230049133,0.007273575756698847,-0.4142928898334503,-0.7794092178344727,0.03475873917341232
628,-0.3339829325675964,-0.7260727643966675,0.006047444883733988,-0.41047051548957825,-0.752957284450531,0.03376450017094612
629,-0.33301255106925964,-0.7020490646362305,0.0011959641706198454,-0.40802701711654665,-0.7276678800582885,0.032334256917238235
630,-0.3305621564388275,-0.6784788727760315,-0.0026711132377386093,-0.4031054854393005,-0.7031272768974304,0.03082001954317093
631,-0.3295295715332031,-0.6569475412368775,-0.00724147679284215,-0.3996236979961395,-0.6776480436325073,0.02843577042222023
632,-0.3223480641841888,-0.6427337050437927,-0.01218576543033123,-0.39075759053230286,-0.655556035041809,0.02611735463142395
633,-0.31920133233070375,-0.6346250295639038,-0.015312578529119492,-0.3885832607746124,-0.6379550457000732,0.023842917755246162
634,-0.31933034062385557,-0.6343167781829834,-0.017147516831755638,-0.38662930130958556,-0.6287922620773315,0.023237140849232674
635,-0.3199452519416809,-0.6375555515289306,-0.01848176121711731,-0.38689000606536866,-0.6221405148506165,0.021071279421448708
636,-0.3187503755092621,-0.6389761567115784,-0.018080802634358406,-0.38478274941444396,-0.6177764415740967,0.02057078294456005
637,-0.31733575463294983,-0.6378680229187011,-0.01838328130543232,-0.38337568640708924,-0.6132591128349304,0.01847054995596409
638,-0.3158113956451416,-0.633320939540863,-0.019192319363355637,-0.38289743661880493,-0.609103000164032,0.01752338372170925
639,-0.31583924889564513,-0.628292977809906,-0.018653960898518562,-0.38323608636856077,-0.6056108832359314,0.017935721203684807
640,-0.31676148176193236,-0.6242436170578003,-0.018941031768918037,-0.3852760255336761,-0.600163459777832,0.016203071922063828
641,-0.3187267124652863,-0.6209985375404358,-0.0185697078704834,-0.3895364224910736,-0.5976402878761291,0.014704213477671146
642,-0.3200742781162262,-0.6197588562965393,-0.019322765991091728,-0.3897946774959564,-0.5958046555519104,0.012279575690627098
643,-0.3211575448513031,-0.6174861907958984,-0.01831519789993763,-0.39226530194282533,-0.5946641087532043,0.012103990651667118
644,-0.3211169421672821,-0.6160545110702514,-0.01856340654194355,-0.3929701209068298,-0.5932807445526123,0.01266848761588335
645,-0.3211985409259796,-0.615539836883545,-0.018596485257148743,-0.3923501670360565,-0.595624840259552,0.012743077240884304
646,-0.3203693687915802,-0.6188881874084473,-0.018016889691352844,-0.3909312725067139,-0.5982602834701538,0.013905377127230167
647,-0.31935669779777526,-0.6186287641525269,-0.018806245177984238,-0.38960803151130674,-0.6009669542312622,0.014752107672393322
648,-0.31814733147621155,-0.6203039884567261,-0.019211631268262863,-0.3879373788833618,-0.6054452538490296,0.015707949176430702
649,-0.31676344871520995,-0.62513427734375,-0.017958633601665497,-0.38680264353752136,-0.6124675869941711,0.017233852297067642
650,-0.31668431162834165,-0.6320155382156372,-0.015394258312880993,-0.38619403839111327,-0.6242486834526062,0.020001884549856186
651,-0.3206316947937012,-0.6527594804763794,-0.013473041355609894,-0.38923113942146303,-0.6505121350288391,0.02261798083782196
652,-0.32410055994987486,-0.6717702388763428,-0.01291888952255249,-0.3917684555053711,-0.6741162180900574,0.02648504450917244
653,-0.3230217158794403,-0.6751579642295837,-0.01210676971822977,-0.38908366560935975,-0.6784595608711242,0.02786441519856453
654,-0.3201428771018982,-0.6741804718971253,-0.013246411457657814,-0.38583149909973147,-0.677281630039215,0.028220055624842644
655,-0.32081794142723086,-0.672495448589325,-0.01360617857426405,-0.3840505242347717,-0.6734100818634033,0.027506044134497643
656,-0.32125078439712523,-0.6739295482635498,-0.014234665781259537,-0.3867463290691376,-0.6714962959289551,0.02548004500567913
657,-0.3216523289680481,-0.6733617544174194,-0.012668466195464134,-0.38672040700912474,-0.6754325985908508,0.025972720235586166
658,-0.3219237267971039,-0.6758582592010498,-0.012304078787565231,-0.38768395185470583,-0.6793623447418213,0.02723134495317936
659,-0.32014641761779783,-0.6796360850334168,-0.012122494168579578,-0.3875290215015411,-0.6823938727378845,0.028449054807424545
660,-0.3188150882720947,-0.6845616102218628,-0.011542895808815956,-0.38594146370887755,-0.688042402267456,0.0290046539157629
661,-0.31975760459899905,-0.6826323390007019,-0.00999536644667387,-0.3872187793254852,-0.6906750202178955,0.029668400064110756
662,-0.3191267907619476,-0.6851088404655457,-0.010297337546944618,-0.3909015953540802,-0.6892249941825866,0.0289016030728817
663,-0.32135485410690307,-0.6856568932533265,-0.009683718904852867,-0.392047643661499,-0.689401137828827,0.02839711308479309
664,-0.3209848403930664,-0.6866158246994019,-0.00844397023320198,-0.3918998777866364,-0.6891829133033752,0.028046535328030586
665,-0.3197914123535156,-0.6879892945289612,-0.008352634496986866,-0.39283910393714905,-0.6872650861740113,0.0286133773624897
666,-0.31810328364372253,-0.6896359920501709,-0.006909658201038837,-0.39187179803848265,-0.6890687942504883,0.03011915273964405
667,-0.31801371574401854,-0.6927856087684632,-0.006464063655585051,-0.39256312847137453,-0.6899524331092834,0.02987685613334179
668,-0.3185977876186371,-0.6954909682273864,-0.0053133065812289715,-0.39194363355636597,-0.6919804811477661,0.029223065823316574
669,-0.3187499105930328,-0.6967631816864014,-0.004085683263838291,-0.3912674725055695,-0.6944024085998535,0.02937961556017399
670,-0.31785178780555723,-0.6983837604522705,-0.0035935183987021446,-0.39204846024513246,-0.6943663001060486,0.028295841068029404
671,-0.31768962144851687,-0.6974920988082886,-0.0032273733522742987,-0.3921369075775146,-0.6953112721443176,0.028747394680976868
672,-0.3164681077003479,-0.6984685301780701,-0.002572108758613467,-0.3910643935203552,-0.6933470368385315,0.027963943779468536
673,-0.3161484897136688,-0.699685800075531,-0.0024369051679968834,-0.3914666175842285,-0.6952157855033875,0.028169024735689163
674,-0.3142434597015381,-0.7011047005653381,-0.002763104625046253,-0.390293949842453,-0.6957150816917419,0.027670856565237045
675,-0.31336899399757384,-0.7003076910972595,-0.0019335417309775949,-0.3885541021823883,-0.6949643969535828,0.02786622755229473
676,-0.31535753011703493,-0.6948662042617798,-0.0034955539740622044,-0.38801335692405703,-0.6902523398399353,0.026469962671399117
677,-0.31317704916000366,-0.6872245788574218,-0.004403203725814819,-0.38659119606018066,-0.6837280631065369,0.025920042768120766
678,-0.31628512740135195,-0.670604133605957,-0.005507620517164469,-0.3844057023525238,-0.6677554249763489,0.024862390011548996
679,-0.30101584196090697,-0.654797375202179,-0.008639971725642681,-0.38043858408927916,-0.6459646105766297,0.022936604917049408
680,-0.2999516189098358,-0.6444343209266663,-0.01095641776919365,-0.37949671745300295,-0.6314092755317688,0.020813895389437675
681,-0.29969275593757627,-0.6353240013122559,-0.011831747367978096,-0.3786159038543701,-0.6200697660446167,0.01943141222000122
682,-0.30099018216133117,-0.6295271039009094,-0.013162261806428432,-0.3794109582901001,-0.6115098118782043,0.018739061430096626
683,-0.30261020064353944,-0.6233671069145202,-0.014394577592611313,-0.379982054233551,-0.6046036839485168,0.01818087138235569
684,-0.3052832543849945,-0.6202257394790649,-0.0145423524081707,-0.3818336069583893,-0.6009029030799866,0.017020976170897484
685,-0.30814202427864074,-0.6195650100708008,-0.0147066256031394,-0.38424755334854127,-0.5990129232406616,0.015910770744085312
686,-0.31016225814819337,-0.6193517565727233,-0.01586855575442314,-0.3865784823894501,-0.5998557806015015,0.014993210323154926
687,-0.31044365763664244,-0.6199454069137573,-0.016478996723890305,-0.3866150140762329,-0.5980571031570434,0.015148776583373547
688,-0.3104267120361328,-0.6172054529190063,-0.016314886510372162,-0.3860181510448456,-0.5964760661125184,0.01644844189286232
689,-0.3154962003231049,-0.6155160069465637,-0.016559865325689316,-0.3916381299495697,-0.5955589771270752,0.01563798077404499
690,-0.3195283472537994,-0.614437484741211,-0.01634647324681282,-0.3960508704185486,-0.5945110321044922,0.01501657348126173
691,-0.32091665267944336,-0.6129650354385376,-0.015455598011612892,-0.3971655905246735,-0.5936123013496399,0.01598840206861496
692,-0.3214933514595032,-0.611867618560791,-0.015512901358306408,-0.3980283737182617,-0.5920065641403198,0.015723804011940956
693,-0.32526389360427854,-0.6133529067039489,-0.01519770547747612,-0.40159019231796267,-0.5947594404220581,0.014922508969902992
694,-0.32797149419784544,-0.6138341426849365,-0.014257187023758888,-0.4044720888137817,-0.5973465800285339,0.014551125466823578
695,-0.3306002616882324,-0.6139827013015747,-0.012921723537147045,-0.40797842144966123,-0.5985108375549316,0.01420732494443655
696,-0.3336515724658966,-0.6136596202850342,-0.012304337695240974,-0.4121920704841614,-0.598738145828247,0.013731714338064194
697,-0.33640325665473936,-0.6126182556152344,-0.011595646850764751,-0.4155760586261749,-0.5987256646156311,0.013313108123838902
698,-0.339151132106781,-0.6110165119171143,-0.010941055603325367,-0.41877890229225156,-0.5984817981719971,0.012772783637046814
699,-0.34116538763046267,-0.616542112827301,-0.010119780898094177,-0.417099928855896,-0.6078836560249329,0.012391296215355396
700,-0.3447249114513397,-0.6184084057807923,-0.00912430789321661,-0.4202310085296631,-0.6112596750259399,0.012410848401486874
701,-0.3458478093147278,-0.6194385051727295,-0.008425683714449406,-0.42039778232574465,-0.6148414969444275,0.013175894506275654
702,-0.34693777561187744,-0.6200637340545654,-0.008328573778271675,-0.4219747960567474,-0.6164306402206421,0.012643704190850258
703,-0.3496555745601654,-0.6209812998771668,-0.008265409618616104,-0.4268807291984558,-0.6154756426811219,0.012632154859602451
704,-0.3529710829257965,-0.6204815626144409,-0.007588799111545086,-0.430146199464798,-0.617157256603241,0.012159345671534538
705,-0.356807154417038,-0.6191500306129456,-0.007459226995706558,-0.4330554664134979,-0.6168349266052247,0.011201629415154457
706,-0.3581611394882202,-0.6182458996772766,-0.007441006600856781,-0.4352802813053131,-0.6150945425033569,0.010534941218793392
707,-0.3593919396400452,-0.6151994585990905,-0.007490644697099924,-0.4360167860984802,-0.6137265205383301,0.010249421000480652
708,-0.35850640535354616,-0.6137431263923645,-0.00754028744995594,-0.4353138983249664,-0.6099493145942688,0.011051621288061142
709,-0.35725862383842466,-0.6117642521858215,-0.007880660705268383,-0.43313112258911135,-0.608314824104309,0.010849946178495884
710,-0.3569221019744873,-0.6104945182800293,-0.008427498862147331,-0.4318815588951111,-0.6064858913421631,0.011184349656105042
711,-0.3555345952510834,-0.6086567163467407,-0.00952767115086317,-0.4285042524337769,-0.6048253178596497,0.012479069642722607
712,-0.3555966913700104,-0.6078187108039856,-0.011698689311742783,-0.42379721999168396,-0.6034817934036255,0.012991778552532196
713,-0.35377782583236694,-0.6037761807441712,-0.014148435555398464,-0.4202987551689148,-0.6004393339157105,0.014034884050488472
714,-0.34653917551040647,-0.5988521933555603,-0.01588558405637741,-0.41205127239227296,-0.595218014717102,0.014943113550543785
715,-0.34043778777122496,-0.5957692503929138,-0.01705138571560383,-0.4071553111076355,-0.5915332555770874,0.016240319237113
716,-0.33979655504226686,-0.5951501965522766,-0.018661487847566605,-0.40460501313209535,-0.5892369031906128,0.015893425792455673
717,-0.34078086018562315,-0.5941159009933472,-0.019245469942688942,-0.4035429835319519,-0.5878797769546509,0.017375988885760307
718,-0.34198598861694335,-0.5925244450569153,-0.021086987107992172,-0.40303623080253603,-0.5851856708526612,0.017047058790922165
719,-0.3429390013217926,-0.5889084815979004,-0.021741820499300957,-0.4034565269947052,-0.5824162721633911,0.0177493616938591
